employee_ID,company,location,industry,total_laid_off,percentage_laid_off,Layoff_date,stage,country,funds_raised_millions
1,Atlassian,Sydney,Other,500,0.05,2023-03-06,Post-IPO,Australia,210
2,Veev,"SF Bay Area","Real Estate",100,0.3,2022-11-11,"Series D","United States",597
3,Coinbase,"SF Bay Area",Crypto,950,0.2,2023-01-10,Post-IPO,"United States",549
4,Blend,"SF Bay Area",Finance,340,0.28,2023-01-10,Post-IPO,"United States",665
5,Forto,Berlin,Logistics,60,0.08,2022-11-11,"Series D","United States",593
6,ConsenSys,"New York City",Crypto,100,0.11,2023-01-10,"Series D","United States",726
7,"GoTo Group",Jakarta,Transportation,1300,0.12,2022-11-10,Post-IPO,Indonesia,1300
8,ForeScout,"SF Bay Area",Security,100,0.1,2023-01-10,Post-IPO,"United States",125
9,Juul,"SF Bay Area",,400,0.3,2022-11-10,Unknown,"United States",1500
10,Thinkific,Vancouver,Education,76,0.19,2023-01-10,Post-IPO,Canada,22
11,Blend,"SF Bay Area",Finance,100,0.06,2022-11-10,Post-IPO,"United States",665
12,InfluxData,"SF Bay Area",Data,65,0.27,2022-11-10,"Series D","United States",119
13,SoundHound,"SF Bay Area",Other,45,0.1,2022-11-10,Post-IPO,"United States",326
14,Parler,Nashville,Consumer,60,0.75,2023-01-10,"Series B","United States",36
15,GoBolt,Toronto,Logistics,55,0.05,2023-01-10,"Series C",Canada,178
16,Ocavu,Lehi,Crypto,20,0.48,2022-11-10,"Series A","United States",11
17,Meta,"SF Bay Area",Consumer,11000,0.13,2022-11-09,Post-IPO,"United States",26000
18,Redfin,Seattle,"Real Estate",862,0.13,2022-11-09,Post-IPO,"United States",320
19,StreamElements,"Tel Aviv",Media,40,0.2,2023-01-10,"Series B",Israel,111
20,Flyhomes,Seattle,"Real Estate",300,0.4,2022-11-09,"Series C","United States",310
21,"Fate Therapeutics","San Diego",Healthcare,315,0.57,2023-01-09,Post-IPO,"United States",1200
22,AvantStay,"Los Angeles",Travel,144,0.22,2022-11-09,"Private Equity","United States",686
23,"Root Insurance",Columbus,Finance,137,0.2,2022-11-09,Post-IPO,"United States",527
24,"Minute Media",London,Media,50,0.1,2023-01-08,"Series I","United Kingdom",160
25,WalkMe,"SF Bay Area",Other,43,0.03,2023-01-08,Post-IPO,"United States",307
26,Huobi,Beijing,Crypto,275,0.2,2023-01-06,Unknown,China,2
27,Bounce,Bengaluru,Transportation,40,0.05,2023-01-06,"Series D",India,214
28,Liftoff,"SF Bay Area",Marketing,130,0.15,2022-11-09,Acquired,"United States",6
29,Plum,Bengaluru,Healthcare,36,0.1,2022-11-09,"Series A",India,20
30,Kabam,"SF Bay Area",Consumer,35,0.07,2022-11-09,Acquired,"United States",244
31,Namogoo,"Tel Aviv",Marketing,25,0.15,2022-11-09,"Series C","United States",69
32,"Repertoire Immune Medicines",Boston,Healthcare,65,0.5,2022-11-08,"Series B","United States",257
33,Salesforce,"SF Bay Area",Sales,1000,0.01,2022-11-07,Post-IPO,"United States",65
34,Unacademy,Bengaluru,Education,350,0.1,2022-11-07,"Series H",India,838
35,Zendesk,"SF Bay Area",Support,350,0.05,2022-11-07,Acquired,"United States",85
36,Dock,"Sao Paulo",Finance,190,0.12,2022-11-07,"Private Equity",Brazil,280
37,Varonis,"New York City",Security,110,0.05,2022-11-06,Post-IPO,"United States",30
38,SoundHound,"SF Bay Area",Other,200,0.5,2023-01-05,Post-IPO,"United States",326
39,Socure,Reno,Finance,104,0.19,2023-01-05,"Series E","United States",646
40,SiriusXM,"New York City",Media,475,0.08,2023-03-06,Post-IPO,"United States",525
41,Twitter,"SF Bay Area",Consumer,3700,0.5,2022-11-04,Post-IPO,"United States",12900
42,Moglix,Singapore,Retail,40,0.02,2023-01-05,"Series F",Singapore,472
43,Planetly,Berlin,Other,200,1,2022-11-04,Acquired,Germany,5
44,Loft,"Sao Paulo","Real Estate",340,0.15,2023-03-03,Unknown,Brazil,788
45,KoinWorks,Jakarta,Finance,70,0.08,2022-11-04,Unknown,Indonesia,180
46,Everlane,"SF Bay Area",Retail,30,0.17,2023-01-05,Unknown,"United States",176
47,Exodus,"Nebraska City",Crypto,59,0.22,2022-11-04,Unknown,"United States",60
48,Stripe,"SF Bay Area",Finance,1000,0.14,2022-11-03,"Series H","United States",2300
49,"Pecan AI","Tel Aviv",Data,30,0.25,2023-01-05,"Series C",Israel,116
50,Lyft,"SF Bay Area",Transportation,700,0.13,2022-11-03,Post-IPO,"United States",4900
51,Personetics,"New York City",Support,30,0.08,2023-01-05,"Private Equity","United States",178
52,Pleo,Copenhagen,Finance,150,0.15,2022-11-03,"Series C","United States",428
53,"Embark Trucks","SF Bay Area",Transportation,230,0.7,2023-03-03,Post-IPO,"United States",317
54,Shippo,"SF Bay Area",Logistics,60,0.2,2022-11-03,"Series E","United States",154
55,Zscaler,"SF Bay Area",Security,177,0.03,2023-03-02,Post-IPO,"United States",148
56,"Twine Solutions ","Tel Aviv",Hardware,30,0.33,2023-01-05,Unknown,Israel,50
57,Opendoor,"SF Bay Area","Real Estate",550,0.18,2022-11-02,Post-IPO,"United States",1900
58,Fittr,Pune,Fitness,30,0.11,2023-03-02,"Series A",India,13
59,Chime,"SF Bay Area",Finance,156,0.12,2022-11-02,"Series G","United States",2300
60,UpScalio,Gurugram,Retail,25,0.15,2023-01-05,"Series B",India,62
61,CNET,"SF Bay Area",Media,12,0.1,2023-03-02,Acquired,"United States",20
62,Chargebee,"SF Bay Area",Finance,142,0.1,2022-11-02,"Series H","United States",468
63,Amazon,Seattle,Retail,8000,0.02,2023-01-04,Post-IPO,"United States",108
64,"Dapper Labs",Vancouver,Crypto,134,0.22,2022-11-02,"Series D","United States",607
65,Salesforce,"SF Bay Area",Sales,8000,0.1,2023-01-04,Post-IPO,"United States",65
66,Checkmarx,"Tel Aviv",Security,100,0.1,2022-11-02,"Series C",Israel,92
67,Smava,Berlin,Finance,100,0.15,2022-11-02,Unknown,Germany,188
68,Astronomer,Cincinnati,Data,76,0.2,2023-01-04,"Series C","United States",282
69,"Iron Ox","SF Bay Area",Food,50,0.5,2022-11-02,"Series C","United States",103
70,Thoughtworks,Chicago,Other,500,0.04,2023-03-01,Post-IPO,"United States",748
71,Upstart,"SF Bay Area",Finance,140,0.07,2022-11-01,Post-IPO,"United States",144
72,Kaltura,"New York City",Media,75,0.11,2023-01-04,Post-IPO,"United States",166
73,iFood,"Sao Paulo",Food,355,0.06,2023-03-01,Subsidiary,Brazil,2100
74,Augury,"New York City",Manufacturing,20,0.05,2023-01-04,"Series E","United States",274
75,Waymo,"SF Bay Area",Transportation,209,0.08,2023-03-01,Subsidiary,"United States",5500
76,Gem,"SF Bay Area",Recruiting,100,0.33,2022-11-01,"Series C","United States",148
77,Oda,Oslo,Food,70,0.18,2022-11-01,Unknown,Sweden,377
78,PayFit,Paris,HR,200,0.2,2023-03-01,"Series E",France,495
79,Oda,Oslo,Food,70,0.18,2022-11-01,Unknown,Norway,477
80,Oda,Oslo,Food,70,0.06,2022-11-01,Unknown,Norway,479
81,Uniphore,"SF Bay Area",Support,76,0.1,2023-01-03,"Series E","United States",620
82,Sonder,"SF Bay Area",Travel,100,0.14,2023-03-01,Post-IPO,"United States",839
83,Hootsuite,Vancouver,Marketing,50,0.05,2022-11-01,"Series C",Canada,300
84,"Back Market",Paris,Retail,93,0.13,2022-12-23,"Series E",France,1000
85,Eventbrite,"SF Bay Area",Consumer,80,0.08,2023-02-28,Post-IPO,"United States",557
86,Kry,Stockholm,Healthcare,300,0.1,2022-10-31,"Series D",Sweden,568
87,TuSimple,"San Diego",Transportation,350,0.25,2022-12-21,Post-IPO,"United States",648
88,EquityZen,"New York City",Finance,30,0.27,2022-10-31,"Series B","United States",11
89,Chope,Singapore,Food,65,0.24,2022-12-20,"Series E",Singapore,50
90,Briza,Toronto,Finance,26,0.4,2022-12-20,"Series A",Canada,10
91,Equitybee,"SF Bay Area",Finance,25,0.2,2022-10-31,"Series B","United States",85
92,Homebot,Denver,"Real Estate",18,0.13,2022-12-19,Acquired,"United States",4
93,"Fifth Season",Pittsburgh,Food,100,1,2022-10-28,"Series B","United States",35
94,RenoRun,Montreal,Construction,210,0.43,2022-10-27,"Series B",Canada,163
95,Recharge,"Los Angeles",Finance,84,0.17,2022-10-27,"Series B","United States",277
96,MindBody,"San Luis Obispo",Fitness,400,0.15,2022-10-26,Post-IPO,"United States",114
97,Zillow,Seattle,"Real Estate",300,0.05,2022-10-26,Post-IPO,"United States",97
98,Tomorrow,Hamburg,Finance,30,0.25,2022-12-16,Unknown,Germany,29
99,Cybereason,Boston,Security,200,0.17,2022-10-26,"Series F","United States",750
100,Fundbox,"SF Bay Area",Finance,150,0.42,2022-10-25,"Series D","United States",553
101,Revelate,Montreal,Data,24,0.3,2022-12-16,"Series A",Canada,26
102,BigCommerce,Austin,Retail,180,0.13,2022-12-15,Post-IPO,"United States",224
103,Embroker,"SF Bay Area",Finance,30,0.12,2022-10-25,"Series C","United States",142
104,Vee,"Tel Aviv",HR,17,0.5,2022-10-25,Seed,Israel,15
105,Freshworks,"SF Bay Area",Support,90,0.02,2022-12-15,Post-IPO,"United States",484
106,Cerebral,"SF Bay Area",Healthcare,400,0.2,2022-10-24,"Series C","United States",462
107,LeafLink,"New York City",Other,80,0.31,2022-12-15,"Series C","United States",379
108,Snyk,Boston,Security,198,0.14,2022-10-24,"Series F","United States",849
109,Unico,"Sao Paulo",Other,50,0.04,2022-10-24,"Series D",Brazil,336
110,Workmotion,Berlin,HR,60,0.2,2022-12-15,"Series B","United States",76
111,JD.ID,Jakarta,Retail,200,0.3,2022-12-14,Post-IPO,Indonesia,5100
112,OrCam,Jerusalem,Healthcare,62,0.16,2022-10-23,Unknown,Israel,86
113,"Antidote Health","Tel Aviv",Healthcare,23,0.38,2022-10-23,Unknown,Israel,36
114,Khoros,Austin,Sales,120,0.1,2022-10-21,"Private Equity","United States",138
115,Elinvar,Berlin,Finance,43,0.33,2022-10-21,Unknown,Germany,30
116,Synapsica,"New Delhi",Healthcare,30,0.3,2022-10-21,"Series A",India,4
117,Hotmart,"Belo Horizonte",Marketing,227,0.12,2022-10-20,"Series C",Brazil,127
118,Headspace,"Los Angeles",Healthcare,50,0.04,2022-12-14,Unknown,"United States",215
119,ChowNow,"Los Angeles",Food,40,0.1,2022-12-14,"Series C","United States",64
120,Cerebral,"SF Bay Area",Healthcare,285,0.15,2023-02-27,"Series C","United States",462
121,"Zeus Living","SF Bay Area","Real Estate",64,0.46,2022-10-20,"Series C","United States",151
122,Loom,"SF Bay Area",Product,23,0.11,2022-10-20,"Series C","United States",203
123,Thumbtack,"SF Bay Area",Consumer,160,0.14,2022-12-13,"Series I","United States",698
124,Amount,Chicago,Finance,130,0.25,2023-02-27,Unknown,"United States",283
125,AtoB,"SF Bay Area",Finance,32,0.3,2022-10-19,"Series B","United States",177
126,Edgio,Phoenix,Infrastructure,95,0.1,2022-12-13,Post-IPO,"United States",462
127,InfoSum,London,Security,20,0.12,2022-10-19,"Series B","United Kingdom",88
128,Palantir,Denver,Data,75,0.02,2023-02-27,Post-IPO,"United States.",3000
129,Faire,"SF Bay Area",Retail,84,0.07,2022-10-18,"Series G","United States",1700
130,"Komodo Health","SF Bay Area",Healthcare,78,0.09,2022-12-13,"Series E","United States",514
131,Pluralsight,"Salt Lake City",Education,400,0.2,2022-12-12,Acquired,"United States",192
132,Outreach,Seattle,Sales,70,0.07,2023-02-27,"Series G","United States",489
133,Outschool,"SF Bay Area",Education,43,0.25,2022-12-10,"Series D","United States",240
134,Leafly,Seattle,Retail,56,0.21,2022-10-18,Post-IPO,"United States",71
135,Flipboard,"SF Bay Area",Media,24,0.21,2022-10-16,Unknown,"United States",235
136,Stytch,"SF Bay Area",Security,19,0.25,2023-02-27,"Series B","United States",126
137,Twitter,"SF Bay Area",Consumer,200,0.1,2023-02-25,Post-IPO,"United States",12900
138,Xentral,Munich,Product,20,0.1,2022-12-10,"Series B",Germany,94
139,"Beyond Meat","Los Angeles",Food,200,0.19,2022-10-14,Post-IPO,"United States",122
140,Playdots,"New York City",Consumer,65,1,2022-10-13,Acquired,"United States",10
141,Byju's,Bengaluru,Education,2500,0.05,2022-10-12,"Private Equity",India,5500
142,Ericsson,Stockholm,Other,8500,0.08,2023-02-24,Post-IPO,Sweden,663
143,6sense,"SF Bay Area",Sales,150,0.1,2022-10-12,"Series E","United States",426
144,FrontRow,Bengaluru,Education,130,0.75,2022-10-12,"Series A",India,17
145,OneFootball,Berlin,Marketing,150,0.32,2023-02-23,"Series D",Germany,442
146,Noom,"New York City",Healthcare,500,0.1,2022-10-11,"Series F","United States",657
147,Alice,"Sao Paulo",Healthcare,113,0.16,2022-12-09,"Series C",Brazil,174
148,Polygon,Bengaluru,Crypto,100,0.2,2023-02-21,Unknown,India,451
149,Primer,London,Finance,85,0.33,2022-12-09,"Series B","United Kingdom",73
150,MyGate,Bengaluru,Other,200,0.3,2023-02-20,"Series B",India,79
151,OneFootball,Berlin,Marketing,62,0.115,2022-12-09,"Series D",Germany,442
152,C2FO,"Kansas City",Finance,20,0.02,2022-12-09,"Series H","United States",537
153,Fireblocks,"New York City",Crypto,30,0.05,2023-02-20,"Series E","United States",1000
154,Airtable,"SF Bay Area",Product,254,0.2,2022-12-08,"Series F","United States",1400
155,Kinde,Sydney,Other,8,0.28,2023-02-20,Seed,Australia,10
156,"Chipper Cash","SF Bay Area",Finance,100,0.33,2023-02-17,"Series C","United States",302
157,Swiggy,Bengaluru,Food,250,0.03,2022-12-08,Unknown,India,3600
158,Glints,Singapore,HR,198,0.18,2022-12-08,"Series D",Singapore,82
159,Buser,"Sao Paulo",Transportation,160,0.3,2022-12-08,"Series C",Brazil,138
160,DocuSign,"SF Bay Area",Sales,680,0.1,2023-02-16,Post-IPO,"United States",536
161,"Pico Interactive","SF Bay Area",Other,400,0.2,2023-02-16,Acquired,"United States",62
162,BlackLine,"Los Angeles",Finance,95,0.05,2022-12-08,"Private Equity","United States",220
163,"The RealReal","SF Bay Area",Retail,230,0.07,2023-02-16,Post-IPO,"United States",356
164,Otonomo,"Tel Aviv",Transportation,80,0.5,2022-12-08,Post-IPO,Israel,231
165,Smartsheet,Seattle,Other,85,0.03,2023-02-16,Post-IPO,"United States",152
166,TechTarget,Boston,Marketing,60,0.05,2022-12-08,Post-IPO,"United States",115
167,Wix,"Tel Aviv",Marketing,370,0.06,2023-02-15,Post-IPO,Israel,58
168,CyCognito,"SF Bay Area",Security,30,0.15,2022-12-08,"Series C","United States",153
169,Brex,"SF Bay Area",Finance,136,0.11,2022-10-11,"Series D","United States",1500
170,ServiceTitan,"Los Angeles",Sales,221,0.08,2023-02-15,"Series G","United States",1100
171,Pacaso,"SF Bay Area","Real Estate",100,0.3,2022-10-11,"Series C","United States",217
172,Neon,"Sao Paulo",Finance,210,0.09,2023-02-15,"Series D",Brazil,720
173,Armis,"SF Bay Area",Security,25,0.04,2022-12-08,"Private Equity","United States",537
174,Udacity,"SF Bay Area",Education,55,0.13,2022-10-11,Unknown,"United States",235
175,Linkfire,Copenhagen,Marketing,35,0.35,2022-10-11,Seed,Denmark,2
176,Loft,"Sao Paulo","Real Estate",312,0.12,2022-12-07,Unknown,Brazil,788
177,Momentive,"SF Bay Area",Marketing,180,0.11,2022-10-10,Post-IPO,"United States",1100
178,DigitalOcean,"New York City",Infrastructure,200,0.11,2023-02-15,Post-IPO,"United States",491
179,Plaid,"SF Bay Area",Finance,260,0.2,2022-12-07,"Series D","United States",734
180,"Pavilion Data","SF Bay Area",Infrastructure,96,0.96,2022-10-10,"Series D","United States",103
181,Sprinklr,"New York City",Support,100,0.04,2023-02-15,Post-IPO,"United States",429
182,Motive,"SF Bay Area",Transportation,237,0.06,2022-12-07,"Series F","United States",567
183,"Redesign Health","New York City",Healthcare,67,0.2,2022-10-10,"Series C","United States",315
184,Twilio,"SF Bay Area",Other,1500,0.17,2023-02-13,Post-IPO,"United States.",614
185,Electric,"New York City",Other,141,0.25,2023-02-13,"Series D","United States",212
186,iRobot,Boston,Consumer,85,0.07,2023-02-13,Acquired,"United States",30
187,Relativity,Chicago,Legal,150,0.1,2022-12-07,"Private Equity","United States",125
188,BioMarin,"SF Bay Area",Healthcare,120,0.04,2022-10-07,Post-IPO,"United States",585
189,Moladin,Jakarta,Transportation,360,0.11,2023-02-12,"Series B",Indonesia,138
190,Voi,Stockholm,Transportation,130,0.13,2022-12-07,"Series D","United States",515
191,Crypto.com,Singapore,Crypto,2000,0.3,2022-10-06,Unknown,Singapore,156
192,Peloton,"New York City",Fitness,500,0.12,2022-10-06,Post-IPO,"United States",1900
193,"Impossible Foods","SF Bay Area",Food,50,0.06,2022-10-06,"Series H","United States",1900
194,"Built In",Chicago,Recruiting,50,0.25,2022-10-05,"Series C","United States",29
195,"Integral Ad Science","New York City",Marketing,120,0.13,2022-12-07,Acquired,"United States",116
196,8x8,"SF Bay Area",Support,200,0.09,2022-10-04,Post-IPO,"United States",253
197,TripleLift,"New York City",Marketing,100,0.2,2023-02-10,Acquired,"United States",16
198,Houzz,"SF Bay Area",Consumer,95,0.08,2022-12-07,"Series E","United States",613
199,Yahoo,"SF Bay Area",Consumer,1600,0.2,2023-02-09,Acquired,"United States",6
200,Homie,"Salt Lake City","Real Estate",40,0.13,2022-10-04,"Series B","United States",35
201,Grover,Berlin,Retail,40,0.1,2022-12-07,Unknown,"United States",2300
202,Spin,"SF Bay Area",Transportation,78,0.1,2022-09-30,Acquired,"United States",8
203,"Misfits Market",Philadelphia,Food,649,0.33,2023-02-09,"Series C","United States",526
204,Lev,"New York City","Real Estate",30,0.3,2022-12-07,"Series B","United States",114
205,Deliveroo,London,Food,350,0.09,2023-02-09,Post-IPO,"United Kingdom",1700
206,Lithic,"New York City",Finance,27,0.18,2022-12-07,"Series C","United States",115
207,Mux,"SF Bay Area",Infrastructure,40,0.2,2022-09-29,"Series D","United States",173
208,"Olive AI",Columbus,Healthcare,215,0.35,2023-02-09,"Series H","United States",856
209,DocuSign,"SF Bay Area",Sales,671,0.09,2022-09-28,Post-IPO,"United States",536
210,"Divvy Homes","SF Bay Area","Real Estate",40,0.12,2022-09-27,"Series B","United States",180
211,Doma,"SF Bay Area",Finance,515,0.4,2022-12-06,Post-IPO,"United States",679
212,Oportun,"SF Bay Area",Finance,155,0.1,2023-02-09,Post-IPO,"United States",566
213,Moss,Berlin,Fin-Tech,70,0.15,2022-09-23,"Series B",Germany,150
214,Foxtrot,Chicago,Food,26,0.035,2022-09-23,"Series C","United States",166
215,BuzzFeed,"New York City",Media,180,0.12,2022-12-06,Post-IPO,"United States",696
216,GitLab,"SF Bay Area",Product,130,0.07,2023-02-09,Post-IPO,"United States",413
217,Truiloo,Vancouver,Security,24,0.05,2022-09-23,"Series D",Canada,474
218,NYDIG,"New York City",Crypto,110,0.33,2022-09-22,"Private Equity","United States",1400
219,"Chipper Cash","SF Bay Area",Finance,50,0.125,2022-12-06,"Series C","United States",302
220,"Nomad Health","New York City",Healthcare,119,0.17,2023-02-09,Unknown,"United States",218
221,Stash,"New York City",Finance,32,0.08,2022-12-06,Unknown,"United States",480
222,"Kitty Hawk","SF Bay Area",Aerospace,100,1,2022-09-21,Unknown,"United States",1
223,"Perimeter 81","Tel Aviv",Security,20,0.08,2022-12-06,"Series C",Israel,165
224,Ada,Toronto,Support,78,0.16,2022-09-20,"Series C",Canada,190
225,99,"Sao Paulo",Transportation,75,0.02,2022-09-20,Acquired,Brazil,244
226,Bridgit,Waterloo,Construction,13,0.13,2022-12-06,"Series B",Canada,36
227,"Vesalius Therapeutics",Boston,Healthcare,29,0.43,2022-09-19,"Series B","United States",75
228,Veriff,Tallinn,Security,66,0.12,2023-02-09,"Series C",Estonia,192
229,"Aqua Security",Boston,Security,65,0.1,2022-12-05,"Series E","United States",265
230,"REE Automotive","Tel Aviv",Transportation,31,0.11,2023-02-09,Post-IPO,Israel,317
231,DataRails,"Tel Aviv",Finance,30,0.18,2022-12-05,"Series B",Israel,103
232,Clear,Bengaluru,Finance,190,0.2,2022-09-16,"Series C",India,140
233,GoDaddy,Phoenix,Marketing,530,0.08,2023-02-08,Post-IPO,"United States",800
234,TrueLayer,London,Finance,40,0.1,2022-09-16,"Series E","United States",271
235,LivePerson,"New York City",Support,193,0.11,2022-09-15,Post-IPO,"United States",42
236,Affirm,"SF Bay Area",Finance,500,0.19,2023-02-08,Post-IPO,"United States",1500
237,Acast,Stockholm,Media,70,0.15,2022-09-15,Post-IPO,Sweden,126
238,Gusto,"SF Bay Area",HR,126,0.05,2023-02-08,"Series E","United States",746
239,WorkRamp,"SF Bay Area",HR,35,0.2,2022-09-15,"Series C","United States",67
240,Twilio,"SF Bay Area",Other,800,0.11,2022-09-14,Post-IPO,"United States",614
241,Gong,"SF Bay Area",Sales,80,0.07,2023-02-08,"Series E","United States",583
242,Pitch,Berlin,Marketing,59,0.3,2022-09-14,"Series B",Germany,137
243,"Beam Benefits",Columbus,Healthcare,31,0.08,2023-02-08,"Series E","United States",168
244,Infarm,Berlin,Other,50,0.05,2022-09-14,"Series D",Germany,604
245,Rubius,Boston,Healthcare,160,0.75,2022-09-13,Post-IPO,"United States",445
246,Equitybee,"SF Bay Area",Finance,24,0.25,2023-02-08,"Series B","United States",85
247,Checkout.com,London,Finance,100,0.05,2022-09-13,"Series D","United Kingdom",1800
248,Taboola,"New York City",Marketing,100,0.06,2022-09-13,Post-IPO,"United States",445
249,Patreon,"SF Bay Area",Media,80,0.17,2022-09-13,"Series F","United States",413
250,Zoom,"SF Bay Area",Other,1300,0.15,2023-02-07,Post-IPO,"United States",276
251,eBay,"SF Bay Area",Retail,500,0.04,2023-02-07,Post-IPO,"United States",1200
252,Compete,"Tel Aviv",HR,11,0.28,2022-09-12,"Series A",Israel,17
253,SecureWorks,Atlanta,Security,212,0.09,2023-02-07,Post-IPO,"United States",83
254,Salesloft,Atlanta,Sales,100,0.1,2023-02-07,Acquired,"United States",245
255,"Pomelo Fashion",Bangkok,Retail,55,0.08,2022-09-08,Unknown,Thailand,120
256,"Simple Feast",Copenhagen,Food,150,1,2022-09-07,Unknown,Denmark,173
257,Intercom,"SF Bay Area",Support,49,0.05,2022-09-07,"Series D","United States",240
258,Openpay,Melbourne,Finance,83,1,2023-02-07,Post-IPO,Australia,299
259,Pendo,Raleigh,Product,45,0.05,2022-09-07,"Series F","United States",469
260,Demandbase,"SF Bay Area",Sales,27,0.03,2022-09-07,"Series H","United States",143
261,LearnUpon,Dublin,Education,27,0.09,2023-02-07,"Private Equity",Ireland,56
262,"Brave Care",Portland,Healthcare,40,0.33,2022-09-06,"Series B","United States",42
263,Lawgeex,"Tel Aviv",Legal,30,0.33,2022-09-06,"Series C",Israel,41
264,Loggi,"Sao Paulo",Logistics,300,0.07,2023-02-06,"Series F",Brazil,507
265,"Pocket Aces",Mumbai,Media,50,0.25,2023-02-06,Unknown,India,19
266,Lightico,"Tel Aviv",Finance,20,0.25,2023-02-05,"Series B",Israel,42
267,Polly,Burlington,Finance,47,0.15,2022-12-02,"Series C","United States",184
268,Kuda,Lagos,Finance,23,0.05,2022-09-02,"Series B",Nigeria,91
269,"Protocol Labs","SF Bay Area",Crypto,89,0.2,2023-02-03,Unknown,"United States",10
270,Carousell,Singapore,Retail,110,0.1,2022-12-01,"Private Equity",Singapore,372
271,2TM,"Sao Paulo",Crypto,100,0.15,2022-09-01,Unknown,Brazil,250
272,Innovaccer,"SF Bay Area",Healthcare,90,0.08,2022-09-01,"Series E","United States",379
273,Bizzabo,"New York City",Marketing,100,0.37,2022-12-01,"Series E","United States",194
274,"Urban Sports Club",Berlin,Fitness,55,0.15,2022-09-01,Unknown,Germany,95
275,Netlify,"SF Bay Area",Product,48,0.16,2022-12-01,"Series D","United States",212
276,Snap,"Los Angeles",Consumer,1280,0.2,2022-08-31,Post-IPO,"United States",4900
277,GoodRx,"Los Angeles",Healthcare,140,0.16,2022-08-31,Post-IPO,"United States",910
278,Springbig,Miami,Sales,37,0.23,2022-12-01,Post-IPO,"United States",32
279,Okta,"SF Bay Area",Security,300,0.05,2023-02-02,Post-IPO,"United States",1200
280,Miro,"SF Bay Area",Other,119,0.07,2023-02-02,"Series C","United States",476
281,Smava,Berlin,Finance,100,0.1,2022-08-31,Unknown,Germany,188
282,DoorDash,"SF Bay Area",Food,1250,0.06,2022-11-30,Post-IPO,"United States",2500
283,"Hippo Insurance","SF Bay Area",Finance,70,0.1,2022-08-31,Post-IPO,"United States",1300
284,Highspot,Seattle,Sales,100,0.1,2023-02-02,"Series F","United States",644
285,Kraken,"SF Bay Area",Crypto,1100,0.3,2022-11-30,Unknown,"United States",134
286,TCR2,Boston,Healthcare,30,0.2,2022-08-31,Post-IPO,"United States",173
287,Splunk,"SF Bay Area",Data,325,0.04,2023-02-01,Post-IPO,"United States",2400
288,"Apartment List","SF Bay Area","Real Estate",29,0.1,2022-08-31,"Series D","United States",169
289,"Immersive Labs",Bristol,Security,38,0.1,2022-08-30,"Series C","United Kingdom",123
290,DraftKings,Boston,Consumer,140,0.04,2023-02-01,Post-IPO,"United States",719
291,"Happy Money","Los Angeles",Finance,158,0.34,2022-11-30,"Series D","United States",191
292,54gene,"Washington D.C.",Healthcare,95,0.3,2022-08-29,"Series B","United States",44
293,Workato,"SF Bay Area",Other,90,0.1,2023-02-01,"Series E","United States",415
294,Argyle,"New York City",Finance,20,0.07,2022-08-26,"Series B","United States",78
295,Ula,Jakarta,Retail,134,0.23,2022-11-30,"Series B",Indonesia,140
296,Wonder,"New York City",Food,130,0.07,2022-11-30,"Series B","United States",850
297,Wheel,Austin,Healthcare,56,0.28,2023-02-01,"Series C","United States",215
298,Grin,Sacramento,Marketing,60,0.13,2022-11-30,"Series B","United States",145
299,UalÃ¡,"Buenos Aires",Finance,53,0.03,2022-11-30,"Series D",Argentina,544
300,Chainalysis,"New York City",Crypto,44,0.05,2023-02-01,"Series F","United States",536
301,Teachmint,Bengaluru,Education,45,0.05,2022-11-30,"Series B",India,118
302,Exterro,Portland,Legal,24,0.03,2023-02-01,"Private Equity","United States",100
303,TheSkimm,"New York City",Media,17,0.1,2023-02-01,"Series C","United States",28
304,PayPal,"SF Bay Area",Finance,2000,0.07,2023-01-31,Post-IPO,"United States",216
305,Workday,"SF Bay Area",HR,525,0.03,2023-01-31,Post-IPO,"United States",230
306,Thread,London,Retail,30,0.5,2022-11-30,Acquired,"United Kingdom",40
307,Reali,"SF Bay Area","Real Estate",140,1,2022-08-24,"Series B","United States",117
308,HubSpot,Boston,Marketing,500,0.07,2023-01-31,Post-IPO,"United States",100
309,Loop,"Washington D.C.",Finance,15,0.2,2022-08-24,"Series A","United States",24
310,Lyst,London,Retail,50,0.25,2022-11-29,Unknown,"United Kingdom",144
311,"Tier Mobility",Berlin,Transportation,180,0.16,2022-08-23,"Series D",Germany,646
312,CoinJar,Melbourne,Crypto,10,0.2,2022-11-29,Unknown,Australia,1
313,Packable,"New York City",Retail,138,0.2,2022-08-23,Unknown,"United States",472
314,Q4,Toronto,Other,50,0.08,2022-08-23,"Series C",Canada,91
315,Upstart,"SF Bay Area",Finance,365,0.2,2023-01-31,Post-IPO,"United States",144
316,Skedulo,"SF Bay Area",HR,31,0.08,2022-08-23,"Series C","United States",114
317,"Software AG",Frankfurt,Data,200,0.04,2023-01-31,Post-IPO,Germany,344
318,Plato,"SF Bay Area",HR,29,0.5,2022-08-23,Seed,"United States",3
319,Infarm,Berlin,Other,500,0.5,2022-11-28,"Series D",Germany,604
320,NSO,"Tel Aviv",Security,100,0.14,2022-08-21,Seed,Israel,1
321,Tufin,Boston,Security,55,0.1,2022-08-21,Acquired,"United States",21
322,"Wildlife Studios","Sao Paulo",Consumer,300,0.2,2022-11-28,Unknown,Brazil,260
323,Amperity,Seattle,Marketing,13,0.03,2022-08-20,"Series D","United States",187
324,Wayfair,Boston,Retail,870,0.05,2022-08-19,Post-IPO,"United States",1700
325,ApplyBoard,Waterloo,Education,90,0.06,2022-11-28,"Series D",Canada,483
326,"New Relic","SF Bay Area",Infrastructure,110,0.05,2022-08-18,Post-IPO,"United States",214
327,Ajaib,Jakarta,Finance,67,0.08,2022-11-28,Unknown,Indonesia,245
328,Wheel,Austin,Healthcare,35,0.17,2022-08-18,"Series C","United States",215
329,Malwarebytes,"SF Bay Area",Security,125,0.14,2022-08-17,"Series B","United States",80
330,AlayaCare,Montreal,Healthcare,80,0.14,2022-08-16,"Series D",Canada,293
331,Pliops,"Tel Aviv",Data,12,0.09,2022-08-16,"Series D",Israel,205
332,"Candy Digital","New York City",Crypto,33,0.33,2022-11-28,"Series A","United States",100
333,Woven,Indianapolis,HR,5,0.15,2022-08-16,"Series A","United States",11
334,Sema4,Stamford,Healthcare,250,0.13,2022-08-15,Post-IPO,"United States",791
335,ResearchGate,Berlin,Other,25,0.1,2022-11-28,"Series D",Germany,87
336,Blend,"SF Bay Area",Finance,220,0.12,2022-08-15,Post-IPO,"United States",665
337,"VerSe Innovation",Bengaluru,Media,150,0.05,2022-11-25,"Series J",India,1700
338,ContraFect,"New York City",Healthcare,16,0.37,2022-08-15,Post-IPO,"United States",380
339,Peloton,"New York City",Fitness,784,0.13,2022-08-12,Post-IPO,"United States",1900
340,Truepill,"SF Bay Area",Healthcare,175,0.33,2022-08-11,"Series D","United States",255
341,Carwow,London,Transportation,70,0.2,2022-11-25,Unknown,"United Kingdom",157
342,Calm,"SF Bay Area",Healthcare,90,0.2,2022-08-11,"Series C","United States",218
343,FourKites,Chicago,Logistics,60,0.08,2022-08-11,"Series D","United States",201
344,Vendease,Lagos,Food,27,0.09,2022-11-25,"Series A",Nigeria,43
345,Marketforce,Nairobi,Retail,54,0.09,2022-08-11,"Series A",Kenya,42
346,Trybe,"Sao Paulo",Education,47,0.1,2022-08-10,"Series B",Brazil,40
347,Lemon,"Buenos Aires",Crypto,100,0.38,2022-11-24,"Series A",Argentina,17
348,Permutive,London,Marketing,30,0.12,2022-08-10,"Series C","United Kingdom",105
349,GoHealth,Chicago,Healthcare,800,0.2,2022-08-09,Post-IPO,"United States",75
350,Hootsuite,Vancouver,Marketing,400,0.3,2022-08-09,"Series C",Canada,300
351,Nutanix,"SF Bay Area",Infrastructure,270,0.04,2022-08-09,Post-IPO,"United States",1100
352,Quanterix,Boston,Healthcare,130,0.25,2022-08-09,Post-IPO,"United States",533
353,Quidax,Lagos,Crypto,20,0.2,2022-11-24,Unknown,Nigeria,3
354,MadeiraMadeira,Curitiba,Retail,60,0.03,2022-08-09,"Series E",Brazil,338
355,Linktree,Melbourne,Consumer,50,0.17,2022-08-09,Unknown,Australia,165
356,SIRCLO,Jakarta,Retail,160,0.08,2022-11-22,"Series B",Indonesia,92
357,Shogun,"SF Bay Area",Retail,48,0.3,2022-08-09,"Series C","United States",114
358,Trax,Singapore,Retail,80,0.08,2022-11-22,"Series E",Singapore,1000
359,Groupon,Chicago,Retail,500,0.15,2022-08-08,Post-IPO,"United States",1400
360,Loggi,"Sao Paulo",Logistics,500,0.15,2022-08-08,"Series F",Brazil,507
361,Jumia,Lagos,Retail,900,0.2,2022-11-21,Post-IPO,Nigeria,1200
362,Perion,"Tel Aviv",Marketing,20,0.05,2022-08-08,Post-IPO,Israel,76
363,Wish,"SF Bay Area",Retail,150,0.17,2023-01-31,Post-IPO,"United States",1600
364,Kitopi,Dubai,Food,93,0.1,2022-11-21,"Series C","United States",804
365,iRobot,Boston,Consumer,140,0.1,2022-08-05,Acquired,"United States",30
366,Mejuri,Toronto,Retail,50,0.1,2022-08-05,"Series B",Canada,28
367,"Tilting Point","New York City",Consumer,60,0.14,2023-01-31,Unknown,"United States",235
368,Zomato,Gurugram,Food,100,0.04,2022-11-19,"Series J",India,914
369,Uberflip,Toronto,Marketing,31,0.17,2022-08-05,"Series A",Canada,42
370,AU10TIX,"Tel Aviv",Security,19,0.09,2023-01-31,Unknown,Israel,80
371,Doma,"SF Bay Area",Finance,250,0.13,2022-08-04,Post-IPO,"United States",679
372,"Jam City","Los Angeles",Consumer,200,0.17,2022-08-04,Unknown,"United States",652
373,Arrival,London,Transportation,800,0.5,2023-01-30,Post-IPO,"United Kingdom",629
374,Carvana,Phoenix,Transportation,1500,0.08,2022-11-18,Post-IPO,"United States",1600
375,"10X Genomics","SF Bay Area",Healthcare,100,0.08,2022-08-04,Post-IPO,"United States",242
376,LEAD,Mumbai,Education,80,0.04,2022-08-04,"Series E",India,166
377,Glovo,Barcelona,Food,250,0.06,2023-01-30,Acquired,Spain,1200
378,"On Deck","SF Bay Area",Education,73,0.33,2022-08-04,"Series A","United States",20
379,Nuro,"SF Bay Area",Transportation,300,0.2,2022-11-18,"Series D","United States",2100
380,RenoRun,Montreal,Construction,70,0.12,2022-08-04,"Series B",Canada,163
381,Unbounce,Vancouver,Marketing,47,0.2,2022-08-03,"Series A",Canada,39
382,Synthego,"SF Bay Area",Healthcare,105,0.2,2022-11-18,"Series E","United States",459
383,"Delivery Hero",Berlin,Food,156,0.04,2023-01-30,Post-IPO,Germany,9900
384,Robinhood,"SF Bay Area",Finance,713,0.23,2022-08-02,Post-IPO,"United States",5600
385,Roku,"SF Bay Area",Media,200,0.07,2022-11-17,Post-IPO,"United States",208
386,"Impossible Foods copy","SF Bay Area",Food,140,0.2,2023-01-30,"Series H","United States",1900
387,Latch,"New York City",Security,115,0.37,2022-08-02,Post-IPO,"United States",342
388,Nylas,"SF Bay Area",Product,80,0.25,2022-08-02,"Series C","United States",175
389,Juni,Gothenburg,Finance,72,0.33,2022-11-17,Unknown,Sweden,281
390,Outreach,Seattle,Sales,60,0.05,2022-08-02,"Series G","United States",489
391,Capitolis,"New York City",Finance,37,0.25,2022-11-17,"Series D","United States",281
392,Sendy,Nairobi,Logistics,54,0.2,2022-08-02,"Series B",Kenya,26
393,Chrono24,Karlsruhe,Retail,65,0.13,2023-01-30,"Series C",Germany,205
394,Sendy,Nairobi,Logistics,30,0.1,2022-08-02,"Series B",Kenya,26
395,TealBook,Toronto,Other,34,0.19,2022-11-17,"Series B",Canada,73
396,DealShare,Bengaluru,Retail,100,0.06,2023-01-27,"Series E",India,390
397,Stedi,Boulder,Product,23,0.3,2022-08-02,"Series B","United States",75
398,Glossier,"New York City",Retail,19,0.08,2022-08-02,"Series E","United States",266
399,Matrixport,Singapore,Crypto,29,0.1,2023-01-27,"Series C",Singapore,100
400,Hash,"Sao Paulo",Finance,58,0.5,2022-08-01,"Series C",Brazil,58
401,Shakepay,Montreal,Crypto,21,0.25,2023-01-27,"Series A",Canada,45
402,Metigy,Sydney,Marketing,75,1,2022-07-31,"Series B",Australia,18
403,Koho,Toronto,Finance,15,0.04,2022-11-17,"Series D",Canada,278
404,Vee,"Tel Aviv",HR,16,0.32,2022-07-31,Seed,Israel,15
405,Clearco,Toronto,Fin-Tech,125,0.25,2022-07-29,"Series C",Canada,681
406,&Open,Dublin,Marketing,9,0.09,2022-11-17,"Series A",Ireland,35
407,Quantcast,"SF Bay Area",Marketing,40,0.06,2022-07-29,"Series C","United States",65
408,#Paid,Toronto,Marketing,19,0.17,2023-01-27,"Series B",Canada,21
409,"Career Karma","SF Bay Area",Education,60,0.33,2022-07-28,"Series B","United States",51
410,Amazon,Seattle,Retail,10000,0.03,2022-11-16,Post-IPO,"United States",108
411,Metromile,"SF Bay Area",Finance,60,0.2,2022-07-28,Acquired,"United States",510
412,SAP,Walldorf,Other,3000,0.03,2023-01-26,Post-IPO,Germany,1300
413,Cisco,"SF Bay Area",Infrastructure,4100,0.05,2022-11-16,Post-IPO,"United States",2
414,Rivian,Detroit,Transportation,840,0.06,2022-07-27,Post-IPO,"United States",10700
415,Confluent,"SF Bay Area",Data,221,0.08,2023-01-26,Post-IPO,"United States",455
416,"Vox Media","Washington D.C.",Media,39,0.02,2022-07-27,"Series F","United States",307
417,Twiga,Nairobi,Food,211,0.21,2022-11-16,"Series C",Kenya,157
418,Coinsquare,Toronto,Crypto,30,0.24,2022-07-27,Unknown,Canada,98
419,Luno,London,Crypto,330,0.35,2023-01-25,Acquired,"United Kingdom",13
420,Wayflyer,Dublin,Marketing,200,0.4,2022-11-16,Unknown,Ireland,889
421,Skai,"Tel Aviv",Marketing,30,0.04,2022-07-27,"Series E",Israel,60
422,SimilarWeb,"New York City",Other,120,0.1,2022-11-16,Post-IPO,"United States",235
423,Shopify,Ottawa,Retail,1000,0.1,2022-07-26,Post-IPO,Canada,122
424,"Guardant Health","SF Bay Area",Healthcare,130,0.07,2023-01-25,Post-IPO,"United States",550
425,Fiverr,"Tel Aviv",Other,60,0.08,2022-07-26,Post-IPO,Israel,111
426,InDebted,Sydney,Finance,40,0.17,2022-07-26,"Series B",Australia,41
427,Salsify,Boston,Retail,90,0.11,2022-11-16,"Series F","United States",452
428,SirionLabs,Seattle,Legal,130,0.15,2023-01-25,"Series D","United States",171
429,Outbrain,"New York City",Marketing,38,0.03,2022-07-26,Post-IPO,"United States",394
430,Lokalise,Dover,Other,76,0.23,2022-11-16,"Series B","United States",56
431,Dover,"SF Bay Area",Recruiting,23,0.3,2022-07-26,"Series A","United States",22
432,"Tier Mobility",Berlin,Transportation,80,0.07,2023-01-25,"Series D",Germany,646
433,Immutable,Sydney,Crypto,20,0.06,2022-07-26,"Series C",Australia,279
434,"Pear Therapeutics ",Boston,Healthcare,25,0.09,2022-07-25,Post-IPO,"United States",409
435,Soluto,"Tel Aviv",Support,120,1,2022-07-24,Acquired,Israel,18
436,Vacasa,Portland,Travel,1300,0.17,2023-01-24,Post-IPO,"United States",834
437,Yotpo,"New York City",Marketing,70,0.09,2022-11-16,Unknown,"United States",436
438,Innovaccer,"SF Bay Area",Healthcare,245,0.15,2023-01-24,"Series E","United States",379
439,"Pear Therapeutics",Boston,Healthcare,59,0.22,2022-11-16,Post-IPO,"United States",409
440,Eucalyptus,Sydney,Healthcare,50,0.2,2022-07-22,"Series C","United States",69
441,Bolt,"SF Bay Area",Finance,50,0.1,2023-01-24,"Series E","United States",1300
442,UiPath,"New York City",Data,241,0.06,2022-11-15,Post-IPO,"United States",2000
443,Quanto,"Sao Paulo",Finance,28,0.22,2022-07-22,"Series A",Brazil,15
444,Asana,"SF Bay Area",Other,180,0.09,2022-11-15,Post-IPO,"United States",453
445,PartnerStack,Toronto,Sales,40,0.2,2023-01-24,"Series B",Canada,36
446,"Clarify Health","SF Bay Area",Healthcare,15,0.05,2022-07-22,"Series D","United States",328
447,Blockchain.com,London,Crypto,150,0.25,2022-07-21,"Series D","United Kingdom",490
448,Gitpod,Kiel,Product,21,0.28,2023-01-24,"Series A",Germany,41
449,OwnBackup,"New York City",Security,170,0.17,2022-11-15,"Series E","United States",507
450,Spotify,Stockholm,Media,600,0.06,2023-01-23,Post-IPO,Sweden,2100
451,"Deliveroo Australia",Melbourne,Food,120,1,2022-11-15,Post-IPO,Australia,1700
452,WHOOP,Boston,Fitness,95,0.15,2022-07-21,"Series F","United States",404
453,Jimdo,Hamburg,Other,50,0.16,2022-11-15,Unknown,Germany,28
454,"Rad Power Bikes",Seattle,Transportation,63,0.1,2022-07-21,"Series D","United States",329
455,Lunchbox,"New York City",Food,60,0.33,2022-07-21,"Series B","United States",72
456,RealSelf,Seattle,Healthcare,11,0.05,2022-07-21,"Series B","United States",42
457,"Uber Freight","SF Bay Area",Logistics,150,0.03,2023-01-23,Subsidiary,"United States",2700
458,Innovid,"New York City",Marketing,40,0.1,2023-01-23,Post-IPO,"United States",295
459,CaptivateIQ,"SF Bay Area",Sales,31,0.1,2022-11-15,"Series C","United States",164
460,Flyhomes,Seattle,"Real Estate",200,0.2,2022-07-20,"Series C","United States",310
461,Ermetic,"SF Bay Area",Security,30,0.17,2023-01-23,"Series B","United States",97
462,Lyft,"SF Bay Area",Transportation,60,0.02,2022-07-20,Post-IPO,"United States",4900
463,Illumina,"San Diego",Healthcare,500,0.05,2022-11-14,Post-IPO,"United States",28
464,Introhive,Ferdericton,Sales,57,0.16,2022-07-20,"Series C",Canada,125
465,Namogoo,"Tel Aviv",Marketing,20,0.15,2023-01-23,"Series C","United States",69
466,iFit,Logan,Fitness,300,0.2,2022-11-14,"Private Equity","United States",200
467,Google,"SF Bay Area",Consumer,12000,0.06,2023-01-20,Post-IPO,"United States",26
468,Zencity,"Tel Aviv",Other,30,0.2,2022-07-20,Unknown,Israel,51
469,Ribbon,"New York City","Real Estate",170,0.85,2022-11-14,"Series C","United States",405
470,Wayfair,Boston,Retail,1750,0.1,2023-01-20,Post-IPO,"United States",1700
471,Forma.ai,Toronto,Sales,15,0.09,2022-07-20,"Series B",Canada,58
472,Olive,Columbus,Healthcare,450,0.31,2022-07-19,"Series H","United States",856
473,Swiggy,Bengaluru,Food,380,0.06,2023-01-20,Unknown,India,3600
474,Gemini,"New York City",CryptoCurrency,68,0.07,2022-07-18,Unknown,"United States",423
475,Pipedrive,Tallinn,Sales,143,0.15,2022-11-14,"Private Equity",Estonia,90
476,Lusha,"New York City",Marketing,30,0.1,2022-07-18,"Series B","United States",245
477,Intercom,"SF Bay Area",Support,124,0.13,2022-11-14,"Series D","United States",240
478,"Bright Money",Bengaluru,Finance,100,0.5,2022-07-15,"Series A",India,31
479,"Pear Therapeutics",Boston,Healthcare,59,0.22,2022-11-14,Post-IPO,"United States",409
480,"Vox Media","Washington D.C.",Media,130,0.07,2023-01-20,"Series F","United States",307
481,Cloudinary,"SF Bay Area",Media,40,0.08,2022-11-14,Unknown,"United States",100
482,Enjoei,"Sao Paulo",Retail,31,0.1,2023-01-20,Unknown,Brazil,14
483,"Citrine Informatics","SF Bay Area",Data,22,0.27,2023-01-20,"Series C","United States",64
484,Hubilo,"SF Bay Area",Other,115,0.35,2023-01-19,"Series B","United States",153
485,Saks.com,"New York City",Retail,100,0.05,2023-01-19,Unknown,"United States",965
486,"CS Disco",Austin,Legal,62,0.09,2023-01-19,Post-IPO,"United States",233
487,Microsoft,Seattle,Other,10000,0.05,2023-01-18,Post-IPO,"United States",1
488,Sophos,Oxford,Security,450,0.1,2023-01-18,Acquired,"United States",125
489,"Teladoc Health","New York City",Healthcare,300,0.06,2023-01-18,Post-IPO,"United States",172
490,Vroom,"New York City",Transportation,275,0.2,2023-01-18,Post-IPO,"United States",1300
491,8x8,"SF Bay Area",Support,155,0.07,2023-01-18,Post-IPO,"United States",253
492,Pagaya,"New York City",Finance,140,0.2,2023-01-18,Post-IPO,"United States",571
493,"Sidecar Health","Los Angeles",Healthcare,110,0.4,2022-06-28,"Series C","United States",163
494,Benevity,Calgary,Other,137,0.14,2023-01-18,Unknown,Canada,69
495,Project44,Chicago,Logistics,63,0.05,2022-07-15,Unknown,"United States",817
496,Vezeeta,Dubai,Healthcare,50,0.1,2022-06-28,"Series D","United Arab Emirates",71
497,Heroes,London,Retail,24,0.2,2022-07-15,Unknown,"United States",265
498,"Bright Machines","SF Bay Area",Data,30,0.08,2022-06-28,Unknown,Israel,250
499,Zego,London,Finance,85,0.17,2022-07-14,"Series C","United Kingdom",202
500,Inspirato,Denver,Travel,109,0.12,2023-01-18,Post-IPO,"United States",179
501,"The Mom Project",Chicago,HR,54,0.15,2022-07-14,"Series C","United States",115
502,HealthMatch,Sydney,Healthcare,18,0.5,2022-06-28,"Series B",Australia,20
503,"Unstoppable Domains","SF Bay Area","Crypto Currency",42,0.25,2022-07-14,"Series B","United States",7
504,Jumpcloud,Boulder,Security,100,0.12,2023-01-18,"Series F","United States",416
505,AppLovin,"SF Bay Area",Marketing,300,0.12,2022-06-27,Post-IPO,"United States",1600
506,Kiavi,"SF Bay Area","Real Estate",39,0.07,2022-07-14,"Series E","United States",240
507,Wave,Dakar,Finance,300,0.15,2022-07-13,"Series A",Senegal,292
508,nCino,Wilmington,Finance,100,0.07,2023-01-18,Post-IPO,"United States",1100
509,UiPath,"New York City",Data,210,0.05,2022-06-27,Post-IPO,"United States",2000
510,Udaan,Bengaluru,Retail,180,0.04,2022-06-27,Unknown,India,1500
511,Tonal,"SF Bay Area",Fitness,262,0.35,2022-07-13,"Series E","United States",450
512,Starry,Boston,Other,100,0.24,2023-01-18,Post-IPO,"United States",260
513,Fabric,"New York City",Logistics,120,0.4,2022-07-13,"Series C","United States",336
514,Hootsuite,Vancouver,Marketing,70,0.07,2023-01-18,"Series C",Canada,300
515,Bryter,Berlin,Product,100,0.3,2022-07-13,"Series B",Germany,89
516,Banxa,Melbourne,Crypto,70,0.3,2022-06-27,Post-IPO,Australia,13
517,ChowNow,"Los Angeles",Food,100,0.2,2022-07-13,"Series C","United States",64
518,Clue,Berlin,Healthcare,31,0.31,2023-01-18,Unknown,Germany,47
519,Involves,FlorianÃ³polis,Retail,70,0.18,2022-07-13,Unknown,Brazil,23
520,SafeGraph,"SF Bay Area",Data,27,0.25,2022-06-27,"Series B","United States",61
521,Gopuff,Philadelphia,Food,1500,0.1,2022-07-12,"Series H","United States",3400
522,Bitpanda,Vienna,Crypto,270,0.27,2022-06-24,"Series C",Austria,546
523,Addepar,"SF Bay Area",Finance,20,0.03,2023-01-18,"Series F","United States",491
524,Hubilo,"SF Bay Area",Marketing,45,0.12,2022-07-12,"Series B","United States",153
525,Sunday,Atlanta,Finance,90,0.23,2022-06-24,"Series A","United States",124
526,"Lightspeed Commerce",Montreal,Retail,300,0.1,2023-01-17,Post-IPO,Canada,1200
527,Bestow,Dallas,Finance,41,0.14,2022-06-24,"Series C","United States",137
528,Hopin,London,Other,242,0.29,2022-07-11,"Series D","United Kingdom",1000
529,Unity,"SF Bay Area",Other,284,0.03,2023-01-17,Post-IPO,"United States",1300
530,"Ethos Life","SF Bay Area",Finance,40,0.12,2022-06-24,"Series D","United States",406
531,SundaySky,"New York City",Marketing,24,0.13,2022-07-11,"Series D","United States",74
532,Britishvolt,London,Transportation,206,1,2023-01-17,Unknown,"United Kingdom",2400
533,"Butler Hospitality","New York City",Food,1000,1,2022-07-08,"Series B","United States",50
534,Netflix,"SF Bay Area",Media,300,0.03,2022-06-23,Post-IPO,"United States",121900
535,Calibrate,"New York City",Healthcare,156,0.24,2022-07-08,"Series B","United States",127
536,"Argo AI",Pittsburgh,Transportation,150,0.05,2022-07-07,Unknown,"United States",3600
537,Aura,Boston,Security,70,0.09,2022-06-23,"Series F","United States",500
538,Exotel,Bengaluru,Support,142,0.15,2023-01-17,"Series D",India,87
539,"Next Insurance","SF Bay Area",Finance,150,0.17,2022-07-07,"Series E","United States",881
540,Pipl,Spokane,Security,22,0.13,2022-06-23,Unknown,"United States",19
541,Unico,"Sao Paulo",Other,110,0.1,2023-01-17,"Series D",Brazil,336
542,Emotive,"Los Angeles",Marketing,30,0.18,2022-07-07,"Series B","United States",78
543,Vouch,"SF Bay Area",Finance,15,0.07,2022-06-23,"Series C","United States",159
544,"American Robotics",Boston,Other,50,0.65,2023-01-17,Acquired,"United States",92
545,Remote,"SF Bay Area",HR,100,0.09,2022-07-06,"Series C","United States",496
546,"Voyage SMS","Los Angeles",Marketing,8,0.13,2022-06-23,Unknown,"United States",10
547,MasterClass,"SF Bay Area",Education,120,0.2,2022-06-22,"Series E","United States",461
548,Anodot,"Tel Aviv",Data,35,0.27,2022-07-06,"Series C","United States",64
549,SQream,"New York City",Data,30,0.18,2022-07-06,"Series B","United States",77
550,IronNet,"Washington D.C.",Security,90,0.35,2022-06-22,Post-IPO,"United States",410
551,ShareChat,Bengaluru,Consumer,500,0.2,2023-01-16,"Series H",India,1700
552,Loft,"Sao Paulo","Real Estate",384,0.12,2022-07-05,Unknown,Brazil,788
553,IronNet,"Washington D.C.",Security,55,0.17,2022-06-22,Post-IPO,"United States",410
554,ClearCo,Toronto,Finance,50,0.3,2023-01-16,"Series C",Canada,698
555,Bizzabo,"New York City",Marketing,120,0.3,2022-07-05,"Series E","United States",194
556,Superpedestrian,Boston,Transportation,35,0.07,2022-06-22,"Series C","United States",261
557,Snappy,"New York City",Marketing,100,0.3,2023-01-15,"Series C","United States",104
558,eToro,"Tel Aviv",Finance,100,0.06,2022-07-05,Unknown,Israel,322
559,Voi,Stockholm,Transportation,35,0.1,2022-06-22,"Series D","United States",515
560,BharatAgri,Mumbai,Food,40,0.43,2023-01-15,"Series A",India,21
561,Verbit,"New York City",Data,80,0.1,2022-07-05,"Series E","United States",569
562,Ritual,Toronto,Food,23,0.16,2022-06-22,"Series C",Canada,134
563,Outschool,"SF Bay Area",Education,31,0.18,2022-07-05,"Series D","United States",240
564,Bullish,"Hong Kong",Crypto,30,0.08,2022-07-05,Unknown,"Hong Kong",300
565,"Lending Club","SF Bay Area",Finance,225,0.14,2023-01-12,Post-IPO,"United States",392
566,Ebanx,Curitiba,Finance,340,0.2,2022-06-21,"Series B",Brazil,460
567,"Transmit Security",Boston,Security,27,0.07,2022-07-05,"Series A","United States",583
568,TaskUs,"Los Angeles",Support,52,0,2022-06-21,Post-IPO,"United States",279
569,Thimble,"New York City",Fin-Tech,20,0.33,2022-07-05,"Series A","United States",28
570,SmartNews,Tokyo,Media,120,0.4,2023-01-12,"Series F","United States",410
571,Syte,"Tel Aviv",Retail,13,0.08,2022-07-05,"Series C",Israel,71
572,Community,"Los Angeles",Marketing,40,0.3,2022-06-21,Unknown,"United States",40
573,Sourcegraph,"SF Bay Area",Product,24,0.08,2022-06-21,"Series D","United States",248
574,Lightricks,Jerusalem,Consumer,80,0.12,2022-07-04,"Series D",Israel,335
575,SummerBio,"SF Bay Area",Healthcare,101,1,2022-06-20,Unknown,"United States",7
576,Sendle,Sydney,Logistics,27,0.12,2022-07-04,"Series C",Australia,69
577,Pier,"Sao Paulo",Finance,111,0.39,2023-01-12,"Series B",Brazil,42
578,Lendis,Berlin,Other,18,0.15,2022-07-04,"Series A",Germany,90
579,Trax,Singapore,Retail,100,0.12,2022-06-20,"Series E",Singapore,1000
580,Blockchain.com,London,Crypto,110,0.28,2023-01-12,"Series D","United Kingdom",490
581,Celsius,"New York City",Crypto,150,0.25,2022-07-03,"Series B","United States",864
582,Aqgromalin,Chennai,Food,80,0.3,2022-06-20,Unknown,India,12
583,WanderJaunt,"SF Bay Area",Travel,85,1,2022-07-01,"Series B","United States",26
584,Greenlight,Atlanta,Finance,104,0.21,2023-01-12,"Series D","United States",556
585,Canoo,"Los Angeles",Transportation,58,0.06,2022-07-01,Post-IPO,"United States",300
586,Bonsai,Toronto,Retail,30,0.55,2022-06-20,"Series A",Canada,27
587,Flexport,"SF Bay Area",Logistics,640,0.2,2023-01-11,"Series E","United States",2400
588,Brighte,Sydney,Energy,30,0.15,2022-06-20,"Series C",Australia,145
589,Qualtrics,"Salt Lake City",Other,270,0.05,2023-01-11,Post-IPO,"United States",400
590,CityMall,Gurugram,Retail,191,0.3,2022-06-19,"Series C",India,112
591,Tipalti,"SF Bay Area",Finance,123,0.11,2023-01-11,"Series F","United States",565
592,Teleport,"SF Bay Area",Infrastructure,15,0.06,2022-07-01,"Series C","United States",169
593,BitOasis,Dubai,Crypto,9,0.05,2022-06-19,"Series B","United Arab Emirates",30
594,Enjoy,"SF Bay Area",Retail,400,0.18,2022-06-30,Post-IPO,"United States",310
595,Jumio,"SF Bay Area",Security,100,0.06,2023-01-11,"Private Equity","United States",205
596,Crejo.Fun,Bengaluru,Education,170,1,2022-06-30,Seed,India,3
597,Unacademy,Bengaluru,Education,150,0.03,2022-06-18,"Series H",India,838
598,"Stash Financial","New York City",Finance,40,0.08,2022-06-30,Unknown,"United States",480
599,Socure,Reno,Finance,69,0.13,2022-06-17,"Series E","United States",646
600,Nate,"New York City",Retail,30,0.2,2022-06-30,"Series A","United States",47
601,Stream,Boulder,Product,20,0.12,2022-06-30,"Series B","United States",58
602,"Finite State",Columbus,Security,16,0.2,2022-06-17,"Series B","United States",49
603,"Finleap Connect",Hamburg,Finance,14,0.1,2022-06-30,"Series A",Germany,22
604,JOKR,"New York City",Food,50,0.05,2022-06-16,"Series B","United States",430
605,Zumper,"SF Bay Area","Real Estate",45,0.15,2022-06-16,"Series D","United States",178
606,Abra,"SF Bay Area",Crypto,12,0.05,2022-06-30,"Series C","United States",106
607,Unity,"SF Bay Area",Other,200,0.04,2022-06-29,Post-IPO,"United States",1300
608,Swappie,Helsinki,Retail,250,0.17,2022-06-15,"Series C",Finland,169
609,Niantic,"SF Bay Area",Consumer,85,0.08,2022-06-29,"Series D","United States",770
610,Qumulo,Seattle,Data,80,0.19,2022-06-29,"Series E","United States",347
611,Wealthsimple,Toronto,Finance,159,0.13,2022-06-15,Unknown,Canada,900
612,Clutch,Toronto,Transportation,76,0.22,2022-06-29,"Series B",Canada,153
613,Weee!,"SF Bay Area",Food,150,0.1,2022-06-15,"Series E","United States",863
614,"Oye Rickshaw","New Delhi",Transportation,40,0.2,2022-06-29,Unknown,India,13
615,Impala,London,Travel,30,0.35,2022-06-01,"Series B","United Kingdom",32
616,Notarize,Boston,Legal,110,0.25,2022-06-15,"Series D","United States",213
617,Tomo,Stamford,Finance,44,0.33,2022-05-31,"Series A","United States",110
618,Rows,Berlin,Other,18,0.3,2022-06-29,"Series B",Germany,25
619,Elementor,"Tel Aviv",Media,60,0.15,2022-06-15,Unknown,Israel,65
620,Baton,"SF Bay Area",Transportation,16,0.25,2022-06-29,"Series A","United States",13
621,BookClub,"Salt Lake City",Education,12,0.25,2022-05-31,"Series A","United States",26
622,Tonkean,"SF Bay Area",Other,23,0.23,2022-06-15,"Series B","United States",83
623,SWVL,Dubai,Transportation,400,0.32,2022-05-30,Post-IPO,"United Arab Emirates",132
624,OpenWeb,"Tel Aviv",Media,14,0.05,2022-06-15,"Series E",Israel,223
625,Substack,"SF Bay Area",Media,13,0.14,2022-06-29,"Series B","United States",82
626,Huobi,Beijing,Crypto,300,0.3,2022-06-28,Unknown,China,2
627,"Mobile Premier League",Bengaluru,Consumer,100,0.1,2022-05-30,"Series E",India,375
628,Swyft,Toronto,Logistics,10,0.3,2022-06-15,"Series A",Canada,20
629,StockX,Detroit,Retail,120,0.08,2022-06-28,"Series E","United States",690
630,SumUp,"Sao Paulo",Finance,100,0.03,2022-05-30,Unknown,Brazil,50
631,Coinbase,"SF Bay Area",Crypto,1100,0.18,2022-06-14,Post-IPO,"United States",549
632,FrontRow,Bengaluru,Education,145,0.3,2022-05-27,"Series A",India,17
633,Redfin,Seattle,"Real Estate",470,0.08,2022-06-14,Post-IPO,"United States",319
634,Uncapped,London,Finance,29,0.26,2022-05-27,Unknown,"United Kingdom",118
635,Compass,"New York City","Real Estate",450,0.1,2022-06-14,Post-IPO,"United States",1600
636,Sami,"Sao Paulo",Healthcare,75,0.15,2022-06-14,Unknown,Brazil,36
637,VTEX,"Sao Paulo",Retail,200,0.13,2022-05-26,Post-IPO,Brazil,365
638,CrowdStreet,Portland,"Real Estate",24,0.22,2020-06-01,"Series C","United States",24
639,Breathe,"New Delhi",Healthcare,50,0.33,2022-06-14,"Series A",India,6
640,Brex,"SF Bay Area",Finance,62,0.15,2020-05-29,"Series C","United States",732
641,Bitso,"Mexico City",Crypto,80,0.11,2022-05-26,"Series C",Mexico,378
642,Loftium,Seattle,"Real Estate",32,0.6,2020-05-29,"Series A","United States",17
643,TIFIN,Boulder,Crypto,24,0.1,2022-06-14,"Series D","United States",204
644,Lacework,"SF Bay Area",Security,300,0.2,2022-05-25,"Series D","United States",1900
645,BookMyShow,Mumbai,Consumer,270,0.18,2020-05-28,Unknown,India,224
646,Bolt,"SF Bay Area",Finance,240,0.27,2022-05-25,"Series E","United States",1300
647,BlockFi,"New York City",Crypto,250,0.2,2022-06-13,"Series E","United States",1000
648,TrueCar,"Los Angeles",Transportation,219,0.3,2020-05-28,Post-IPO,"United States",340
649,Kontist,Berlin,Finance,50,0.25,2022-05-25,"Series B",Germany,53
650,"Wave Sports and Entertainment","Los Angeles",Media,56,0.33,2022-06-13,"Series B","United States",65
651,Nuri,Berlin,Finance,45,0.2,2022-05-25,"Series B",Germany,42
652,Studio,"SF Bay Area",Education,33,0.4,2022-06-13,"Series B","United States",50
653,"Culture Amp",Melbourne,HR,36,0.08,2020-05-28,"Series E",Australia,157
654,"Coterie Insurance",Cincinnati,Finance,30,0.2,2022-05-25,"Series B","United States",70
655,Crypto.com,Singapore,Crypto,260,0.05,2022-06-10,Unknown,Singapore,156
656,"The Sill","New York City",Retail,20,0.25,2020-05-28,"Series A","United States",7
657,FarEye,"New Delhi",Logistics,250,0.3,2022-06-10,"Series E",India,150
658,Gorillas,Berlin,Food,300,0.5,2022-05-24,"Series C",Germany,1300
659,Instructure,"Salt Lake City",Education,150,0.12,2020-05-27,Acquired,"United States",89
660,Ebanx,Curitiba,Finance,62,0.08,2020-05-27,Unknown,Brazil,30
661,"Berlin Brands Group",Berlin,Retail,100,0.1,2022-06-10,Unknown,Germany,1000
662,Klarna,Stockholm,Finance,700,0.1,2022-05-23,Unknown,Sweden,3700
663,Uber,Bengaluru,Transportation,600,0.23,2020-05-26,Post-IPO,India,24700
664,Sanar,"Sao Paulo",Healthcare,60,0.2,2022-06-10,Unknown,Brazil,11
665,Buenbit,"Buenos Aires",Crypto,80,0.45,2022-05-23,"Series A",Argentina,11
666,Bluprint,Denver,Education,137,1,2020-05-26,Acquired,"United States",108
667,Cvent,"Washington D.C.",Marketing,400,0.1,2020-05-21,Acquired,"United States",146
668,Freetrade,London,Finance,45,0.15,2022-06-10,Unknown,"United Kingdom",133
669,BeyondMinds,"Tel Aviv",Data,65,1,2022-05-23,"Series A",Israel,16
670,PickYourTrail,Chennai,Travel,70,0.35,2020-05-21,"Series A",India,3
671,Albert,"Los Angeles",Finance,20,0.08,2022-06-10,"Series C","United States",175
672,ClickUp,"San Diego",Other,60,0.07,2022-05-23,"Series C","United States",537
673,Glitch,"New York City",Product,18,0.36,2020-05-21,"Series A","United States",30
674,Ola,Bengaluru,Transportation,1400,0.35,2020-05-20,"Series J",India,3800
675,OneTrust,Atlanta,Security,950,0.25,2022-06-09,"Series C","United States",926
676,Samsara,"SF Bay Area",Logistics,300,0.18,2020-05-20,"Series F","United States",530
677,Airtime,"New York City",Consumer,30,0.2,2022-05-23,"Series B","United States",33
678,"Stay Alfred",Spokane,Travel,221,1,2020-05-20,"Series B","United States",62
679,SoFi,"SF Bay Area",Finance,112,0.07,2020-05-20,"Private Equity","United States",2500
680,MFine,Bengaluru,Healthcare,600,0.75,2022-05-21,"Series C",India,97
681,ShareChat,Bengaluru,Marketing,101,0.25,2020-05-20,"Series D",India,222
682,Latch,"New York City",Security,130,0.28,2022-05-20,Post-IPO,"United States",342
683,"Stitch Fix","SF Bay Area",Retail,330,0.15,2022-06-09,Post-IPO,"United States",79
684,Intercom,"SF Bay Area",Support,39,0.06,2020-05-20,"Series D","United States",240
685,Livspace,Bengaluru,Retail,450,0.15,2020-05-19,"Series D",India,157
686,Outside,Boulder,Media,87,0.15,2022-05-20,"Series B","United States",174
687,Convoy,Seattle,Logistics,90,0.07,2022-06-09,"Series E","United States",1100
688,Pollen,London,Travel,69,0.31,2020-05-19,"Series B","United Kingdom",88
689,Uber,"SF Bay Area",Transportation,3000,0.13,2020-05-18,Post-IPO,"United States",24700
690,Skillz,"SF Bay Area",Consumer,70,0.1,2022-05-20,Post-IPO,"United States",287
691,Swiggy,Bengaluru,Food,1100,0.14,2020-05-18,"Series I",India,1600
692,Cars24,Gurugram,Transportation,600,0.06,2022-05-19,"Series G",India,1300
693,WeWork,"New Delhi","Real Estate",100,0.2,2020-05-18,"Series H",India,19500
694,Hologram,Chicago,Infrastructure,80,0.4,2022-06-09,"Series B","United States",82
695,Zomato,Gurugram,Food,520,0.13,2020-05-15,"Series J",India,914
696,Vedantu,Bengaluru,Education,424,0.07,2022-05-18,"Series E",India,292
697,Lendingkart,Ahmedabad,Finance,500,0.5,2020-05-15,Unknown,India,200
698,Boozt,Malmo,Retail,70,0.05,2022-06-09,Post-IPO,Sweden,56
699,Netflix,"SF Bay Area",Media,150,0.01,2022-05-17,Post-IPO,"United States",121900
700,Lattice,"SF Bay Area",HR,16,0.1,2020-05-15,"Series C","United States",49
701,"The Grommet",Boston,Retail,40,1,2022-06-09,Acquired,"United States",5
702,Cruise,"SF Bay Area",Transportation,150,0.08,2020-05-14,Acquired,"United States",5300
703,Kry,Stockholm,Healthcare,100,0.1,2022-05-17,"Series D",Sweden,568
704,Stashaway,Singapore,Finance,31,0.14,2022-06-09,"Series D",Singapore,61
705,"Integral Ad Science","New York City",Marketing,70,0.1,2020-05-14,Acquired,"United States",116
706,Picsart,Miami,Consumer,90,0.08,2022-05-17,"Series C","United States",195
707,Ridecell,"SF Bay Area",Transportation,35,0.15,2020-05-14,"Series B","United States",73
708,Preply,Boston,Education,26,0.05,2022-06-09,"Series C","United States",100
709,Deliv,"SF Bay Area",Retail,669,1,2020-05-13,"Series C","United States",80
710,Zak,"Sao Paulo",Food,100,0.4,2022-05-16,"Series A","United States",29
711,Sonder,"SF Bay Area",Travel,250,0.21,2022-06-08,Post-IPO,"United States",839
712,Mercos,Joinville,Sales,51,0.4,2020-05-13,Unknown,Brazil,2
713,"AliExpress Russia",Moscow,Retail,400,0.4,2022-05-14,Acquired,Russia,60
714,Kickstarter,"New York City",Finance,25,0.18,2020-05-13,Unknown,"United States",10
715,Truepill,"SF Bay Area",Healthcare,150,0.15,2022-06-08,"Series D","United States",255
716,"Zeus Living","SF Bay Area","Real Estate",73,0.5,2020-05-12,"Series B","United States",79
717,DataRobot,Boston,Data,70,0.07,2022-05-11,"Series G","United States",1000
718,"iPrice Group","Kuala Lumpur",Retail,50,0.2,2022-06-08,Unknown,Malaysia,26
719,Mixpanel,"SF Bay Area",Data,65,0.19,2020-05-12,"Series B","United States",77
720,Hireology,Chicago,Recruiting,36,0.17,2020-05-12,"Series D","United States",52
721,Cazoo,London,Transportation,750,0.15,2022-06-07,Post-IPO,"United Kingdom",2000
722,Carvana,Phoenix,,2500,0.12,2022-05-10,Post-IPO,"United States",1600
723,"Top Hat",Toronto,Education,16,0.03,2020-05-12,"Series D",Canada,104
724,Doma,"SF Bay Area",Finance,310,0.15,2022-05-10,Post-IPO,"United States",679
725,Revolut,London,Finance,60,0.03,2020-05-11,"Series D","United Kingdom",837
726,Cazoo,London,Transportation,750,0.15,2022-06-07,Post-IPO,"United Kingdom",2000
727,Cadre,"New York City","Real Estate",28,0.25,2020-05-11,"Series C","United States",133
728,Pollen,London,Travel,200,0.33,2022-05-10,"Series C","United Kingdom",238
729,Rupeek,Bengaluru,Finance,180,0.15,2022-06-07,Unknown,India,172
730,N26,"New York City",Finance,9,0.01,2020-05-08,"Series D","United States",782
731,Latch,"New York City",Security,30,0.06,2022-05-10,Post-IPO,"United States",342
732,Jump,"New York City",Transportation,500,1,2020-05-07,Acquired,"United States",11
733,Bird,"Los Angeles",Transportation,138,0.23,2022-06-07,Post-IPO,"United States",783
734,Glassdoor,"SF Bay Area",Recruiting,300,0.3,2020-05-07,Acquired,"United States",204
735,Meero,Paris,Other,350,0.5,2022-05-09,"Series C",France,293
736,Numbrs,Zurich,Finance,62,0.5,2020-05-07,"Series B",Switzerland,78
737,Vroom,"New York City",Transportation,270,0.14,2022-05-09,Post-IPO,"United States",1300
738,Flywire,Boston,Finance,60,0.12,2020-05-07,"Series E","United States",263
739,Tally,"SF Bay Area",Finance,28,0.23,2020-05-07,"Series C","United States",92
740,Reef,Miami,Transportation,750,0.05,2022-05-06,Unknown,"United States",1500
741,Dutchie,Bend,Other,50,0.07,2022-06-06,"Series D","United States",603
742,Uber,"SF Bay Area",Transportation,3700,0.14,2020-05-06,Post-IPO,"United States",24700
743,"Rubicon Project","Los Angeles",Marketing,50,0.08,2020-05-06,Post-IPO,"United States",60
744,Vedantu,Bengaluru,Education,200,0.03,2022-05-05,"Series E",India,292
745,Superhuman,"SF Bay Area",Consumer,23,0.22,2022-06-03,"Series C","United States",108
746,Segment,"SF Bay Area",Data,50,0.1,2020-05-06,"Series D","United States",283
747,Food52,"New York City",Food,21,0.15,2022-06-03,Acquired,"United States",176
748,Airbnb,"SF Bay Area",Travel,1900,0.25,2020-05-05,"Private Equity","United States",5400
749,Juul,"SF Bay Area",Consumer,900,0.3,2020-05-05,Unknown,"United States",1500
750,Mural,"SF Bay Area",Product,90,0.1,2022-05-05,"Series C","United States",192
751,Andela,"New York City",Recruiting,135,0.1,2020-05-05,"Series D","United States",181
752,"Carbon Health","SF Bay Area",Healthcare,250,0.08,2022-06-02,"Series D","United States",522
753,"Stack Overflow","New York City",Recruiting,40,0.15,2020-05-05,"Series D","United States",68
754,"On Deck","SF Bay Area",Education,72,0.25,2022-05-05,"Series A","United States",20
755,PolicyGenius,"New York City",Finance,170,0.25,2022-06-02,"Series E","United States",286
756,Workable,Boston,Recruiting,25,0.1,2020-05-05,"Series C","United States",84
757,SEND,Sydney,Food,300,1,2022-05-04,Seed,Australia,3
758,CureFit,Bengaluru,Fitness,800,0.16,2020-05-04,"Series D",India,404
759,Yojak,Gurugram,Construction,140,0.5,2022-06-02,Seed,India,3
760,Careem,Dubai,Transportation,536,0.31,2020-05-04,Acquired,"United Arab Emirates",771
761,Cameo,Chicago,Consumer,87,0.25,2022-05-04,Unknown,"United States",165
762,Gemini,"New York City",Crypto,100,0.1,2022-06-02,Unknown,"United States",423
763,Oriente,"Hong Kong",Finance,400,0.2,2020-05-04,"Series B","Hong Kong",175
764,Mainstreet,"SF Bay Area",Finance,45,0.3,2022-05-04,"Series A","United States",64
765,Veriff,Tallinn,Security,63,0.21,2020-05-04,"Series A",Estonia,7
766,"Element AI",Montreal,Other,62,0.15,2020-05-04,"Series B",Canada,257
767,Avo,"Tel Aviv",Food,500,0.67,2022-05-01,"Series B",Israel,45
768,Stord,Atlanta,Logistics,59,0.08,2022-06-02,"Series D","United States",325
769,Deputy,Sydney,HR,60,0.3,2020-05-04,"Series B",Australia,106
770,Domestika,"SF Bay Area",Education,150,0.19,2022-04-28,"Series D","United States",130
771,Gather,"SF Bay Area",Consumer,30,0.33,2022-06-02,"Series B","United States",76
772,Loopio,Toronto,Sales,11,0.08,2020-05-04,"Series A",Canada,11
773,Robinhood,"SF Bay Area",Finance,340,0.09,2022-04-26,Post-IPO,"United States",5600
774,IRL,"SF Bay Area",Consumer,25,0.25,2022-06-02,"Series C","United States",197
775,Trax,"Tel Aviv",Retail,120,0.1,2020-05-03,"Series D",Israel,386
776,Bonsai,Toronto,Retail,29,0.34,2022-04-26,"Series A",Canada,27
777,Cybereason,Boston,Security,100,0.06,2022-06-01,"Series F","United States",750
778,Namely,"New York City",HR,110,0.4,2020-05-01,"Series E","United States",217
779,"Culture Trip",London,Media,95,0.32,2020-05-01,"Series B","United Kingdom",102
780,Xiaohongshu,Shanghai,Consumer,180,0.09,2022-04-21,"Series E",China,917
781,Udayy,Gurugram,Education,100,1,2022-06-01,Seed,India,2
782,"Sandbox VR","SF Bay Area",Consumer,80,0.8,2020-05-01,"Series A","United States",82
783,Facily,"Sao Paulo",Retail,260,0.3,2022-04-20,"Series D",Brazil,502
784,2TM,"Sao Paulo",Crypto,90,0.12,2022-06-01,Unknown,Brazil,250
785,TheSkimm,"New York City",Media,26,0.2,2020-05-01,"Series C","United States",28
786,Blend,"SF Bay Area",Finance,200,0.1,2022-04-19,Post-IPO,"United States",665
787,Lyft,"SF Bay Area",Transportation,982,0.17,2020-04-29,Post-IPO,"United States",4900
788,"Kayak / OpenTable",Stamford,Travel,160,0.08,2020-04-29,Acquired,"United States",229
789,QuintoAndar,"Sao Paulo","Real Estate",160,0.04,2022-04-19,"Series E",Brazil,755
790,Lime,"SF Bay Area",Transportation,80,0.13,2020-04-29,"Series D","United States",765
791,Transfix,"New York City",Logistics,24,0.1,2020-04-29,"Series D","United States",128
792,Ahead,"SF Bay Area",Healthcare,44,1,2022-04-14,Unknown,"United States",9
793,TripAdvisor,Boston,Travel,900,0.25,2020-04-28,Post-IPO,"United States",3
794,Deliveroo,London,Food,367,0.15,2020-04-28,"Series G","United Kingdom",1500
795,"Rad Power Bikes",Seattle,Transportation,100,0.14,2022-04-12,"Series D","United States",329
796,"App Annie","SF Bay Area",Data,80,0.18,2020-04-28,Unknown,"United States",156
797,OpenX,"Los Angeles",Marketing,35,0.15,2020-04-28,Unknown,"United States",70
798,Food52,"New York City",Food,20,0.1,2022-04-08,Acquired,"United States",176
799,PayJoy,"SF Bay Area",Finance,27,0.25,2020-04-28,"Series B","United States",71
800,Unacademy,Bengaluru,Education,1000,0.17,2022-04-07,"Series H",India,838
801,Shipsi,"Los Angeles",Retail,20,0.5,2020-04-28,Seed,"United States",2
802,"Automation Anywhere","SF Bay Area",Other,260,0.1,2020-04-27,"Series B","United States",840
803,BitMEX,Non-U.S.,Crypto,75,0.25,2022-04-04,Seed,Seychelles,0
804,JetClosing,Seattle,"Real Estate",20,0.2,2020-04-27,"Series A","United States",24
805,Submittable,Missoula,Other,30,0.2,2020-04-25,"Series B","United States",17
806,Legible,Vancouver,Media,23,0.38,2022-04-04,Post-IPO,Canada,3
807,"Divergent 3D","Los Angeles",Transportation,57,0.36,2020-04-24,"Series B","United States",88
808,Rasa,Berlin,Data,59,0.4,2022-03-30,"Series B",Germany,40
809,"Ada Support",Toronto,Support,36,0.23,2020-04-24,"Series B",Canada,60
810,UPshow,Chicago,Marketing,19,0.3,2020-04-24,"Series A","United States",7
811,Gopuff,Philadelphia,Food,450,0.03,2022-03-29,"Series H","United States",3400
812,"Lighter Capital",Seattle,Finance,18,0.22,2020-04-24,"Series B","United States",15
813,"Horizn Studios",Berlin,Travel,15,0.25,2020-04-24,"Series B",Germany,30
814,Thinkific,Vancouver,Education,100,0.2,2022-03-29,Post-IPO,Canada,22
815,"Welkin Health","SF Bay Area",Healthcare,10,0.33,2020-04-24,"Series B","United States",29
816,Storytel,Stockholm,Media,100,0.1,2022-03-17,Post-IPO,Sweden,275
817,Trell,Bengaluru,Retail,300,0.5,2022-03-15,"Series B",India,62
818,Jiobit,Chicago,Consumer,6,0.21,2020-04-24,Unknown,"United States",12
819,TutorMundi,"Sao Paulo",Education,4,1,2020-04-24,"Series A",Brazil,2
820,Knock,"New York City","Real Estate",115,0.46,2022-03-15,Unknown,"United States",654
821,StockX,Detroit,Retail,100,0.12,2020-04-23,"Series C","United States",160
822,Zenefits,"SF Bay Area",HR,87,0.15,2020-04-23,"Series C","United States",583
823,Better.com,"New York City","Real Estate",3000,0.33,2022-03-08,Unknown,"United States",905
824,Curve,London,Finance,65,0.1,2022-06-01,"Series C","United Kingdom",182
825,Sisense,"New York City",Data,80,0.09,2020-04-23,"Series F","United States",274
826,"Oscar Health","New York City",Healthcare,70,0.05,2020-04-23,Unknown,"United States",1300
827,"Adaptive Biotechnologies",Seattle,Healthcare,100,0.12,2022-03-08,Post-IPO,"United States",406
828,Loom,"SF Bay Area",Product,34,0.14,2022-06-01,"Series C","United States",203
829,Hyperscience,"New York City",Data,100,0.25,2022-03-03,"Series E","United States",289
830,"Magic Leap",Miami,Consumer,1000,0.5,2020-04-22,"Series E","United States",2600
831,Wish,"SF Bay Area",Retail,190,0.15,2022-03-01,Post-IPO,"United States",1600
832,"Virgin Hyperloop","Los Angeles",Transportation,111,0.5,2022-02-21,Unknown,"United States",368
833,"Liv Up","Sao Paulo",Food,100,0.15,2022-02-16,"Series D",Brazil,118
834,Homie,"Salt Lake City","Real Estate",119,0.29,2022-02-14,"Series B","United States",35
835,"Lending Club","SF Bay Area",Finance,460,0.3,2020-04-21,Post-IPO,"United States",392
836,Hopin,London,Other,138,0.12,2022-02-10,"Series D","United States",1000
837,Houzz,"SF Bay Area",Consumer,155,0.1,2020-04-21,"Series E","United States",613
838,"Daily Harvest","New York City",Food,60,0.2,2022-02-10,"Series D","United States",120
839,Peloton,"New York City",Fitness,2800,0.2,2022-02-08,Post-IPO,"United States",1900
840,Casper,"New York City",Retail,78,0.21,2020-04-21,Post-IPO,"United States",339
841,Rhino,"New York City","Real Estate",57,0.2,2022-02-03,Unknown,"United States",133
842,RealSelf,Seattle,Healthcare,40,0.13,2020-04-21,"Series B","United States",42
843,Glossier,"New York City",Consumer,80,0.33,2022-01-26,"Series E","United States",266
844,Freshbooks,Toronto,Finance,38,0.09,2020-04-21,"Series B",Canada,75
845,Better.com,"New York City","Real Estate",900,0.09,2021-12-01,Unknown,"United States",905
846,Patreon,"SF Bay Area",Media,30,0.13,2020-04-21,"Series D","United States",165
847,BitTitan,Seattle,Data,70,0.27,2021-11-18,Acquired,"United States",46
848,Bringg,"Tel Aviv",Logistics,10,0.1,2020-04-21,"Series D",Israel,84
849,Zillow,Seattle,"Real Estate",2000,0.25,2021-11-02,Post-IPO,"United States",97
850,Klook,"Hong Kong",Travel,300,0.15,2020-04-20,"Series D","Hong Kong",521
851,"When I Work",Minneapolis,HR,55,0.35,2020-04-22,"Series B","United States",24
852,Treehouse,Portland,Education,41,0.9,2021-09-14,"Series B","United States",12
853,Ike,"SF Bay Area",Transportation,10,0.14,2020-04-22,"Series A","United States",52
854,ConsenSys,"New York City",Crypto,91,0.14,2020-04-20,Unknown,"United States",10
855,Flockjay,"SF Bay Area",Education,37,0.5,2021-08-24,"Series A","United States",14
856,GumGum,"Los Angeles",Marketing,90,0.25,2020-04-20,"Series D","United States",58
857,Katerra,"SF Bay Area",Construction,2434,1,2021-06-01,Unknown,"United States",1600
858,Kueski,Guadalajara,Finance,90,0.3,2020-04-20,"Series B",Mexico,38
859,"New Relic","SF Bay Area",Infrastructure,160,0.07,2021-04-06,Post-IPO,"United States",215
860,Movidesk,Blumenau,Support,33,0.25,2020-04-20,Seed,Brazil,1
861,"Komodo Health","SF Bay Area",Healthcare,23,0.09,2020-04-20,"Series C","United States",50
862,Forward,"SF Bay Area",Healthcare,10,0.03,2020-04-20,"Series C","United States",100
863,ContaAzul,Joinville,Education,140,0.35,2020-04-17,"Series D",Brazil,37
864,Bounce,Bengaluru,Transportation,200,0.4,2021-02-22,"Series D",India,214
865,Quandoo,Berlin,Food,87,0.2,2021-02-03,Acquired,Germany,39
866,"Greenhouse Software","New York City",Recruiting,120,0.28,2020-04-17,"Series D","United States",110
867,QuintoAndar,"Sao Paulo","Real Estate",88,0.08,2020-04-17,"Series D",Brazil,335
868,Loft,"Sao Paulo","Real Estate",47,0.1,2020-04-17,"Series C",Brazil,263
869,Zilingo,Singapore,Retail,44,0.05,2020-04-17,"Series D",Singapore,307
870,Sweetgreen,"Los Angeles",Food,35,0.1,2020-04-17,"Series I","United States",478
871,People.ai,"SF Bay Area",Marketing,30,0.18,2020-04-17,"Series C","United States",100
872,Tor,Boston,Security,13,0.37,2020-04-17,Unknown,"United States",1
873,CarGurus,Boston,Transportation,130,0.13,2020-04-16,Post-IPO,"United States",1
874,"Funding Societies",Singapore,Finance,65,0.18,2020-04-16,"Series B",Singapore,42
875,CleverTap,Mumbai,Marketing,60,0.2,2020-04-16,"Series C",India,76
876,Opendoor,"SF Bay Area","Real Estate",600,0.35,2020-04-15,"Series E","United States",1500
877,GoPro,"SF Bay Area",Consumer,200,0.2,2020-04-15,Post-IPO,"United States",288
878,Shop101,Mumbai,Retail,200,0.4,2020-04-15,"Series C",India,19
879,Zume,"SF Bay Area",Food,200,0.67,2020-04-15,Unknown,"United States",423
880,Carta,"SF Bay Area",Finance,161,0.16,2020-04-15,"Series E","United States",447
881,Parsable,"SF Bay Area",HR,40,0.25,2020-04-15,"Series C","United States",72
882,"Kodiak Robotics","SF Bay Area",Transportation,15,0.2,2020-04-15,"Series A","United States",40
883,"The RealReal","SF Bay Area",Retail,235,0.1,2020-04-14,Post-IPO,"United States",358
884,TouchBistro,Toronto,Food,131,0.23,2020-04-14,"Series E",Canada,224
885,Envoy,"SF Bay Area",HR,58,0.3,2020-04-14,"Series B","United States",59
886,"Bustle Digital Group","New York City",Media,24,0.08,2020-04-03,"Series E","United States",80
887,VSCO,"SF Bay Area",Consumer,45,0.35,2020-04-14,"Series B","United States",90
888,Groupon,Chicago,Retail,2800,0.44,2020-04-13,Post-IPO,"United States",1400
889,Opencare,Toronto,Healthcare,18,0.25,2020-04-03,"Series A",Canada,24
890,Zoox,"SF Bay Area",Transportation,100,0.1,2020-04-13,"Series B","United States",955
891,Neon,"Sao Paulo",Finance,70,0.1,2020-04-13,"Series B",Brazil,120
892,MindBody,"San Luis Obispo",Fitness,700,0.35,2020-04-02,Post-IPO,"United States",114
893,EasyPost,"SF Bay Area",Logistics,50,0.25,2020-04-13,"Series A","United States",12
894,Katerra,"SF Bay Area",Construction,240,0.03,2020-04-02,"Series D","United States",1200
895,Clearbanc,Toronto,Finance,17,0.08,2020-04-13,"Series B",Canada,119
896,Frontdesk,Milwaukee,Travel,35,0.16,2020-04-10,Unknown,"United States",3
897,Ritual,Toronto,Food,196,0.54,2020-04-02,"Series C",Canada,112
898,NuoDB,Boston,Data,20,0.29,2020-04-10,Unknown,"United States",85
899,Rhumbix,"SF Bay Area",Construction,16,0.27,2020-04-10,"Series B","United States",35
900,Atsu,Seattle,Infrastructure,6,1,2020-04-10,Unknown,"United States",1
901,Yelp,"SF Bay Area",Consumer,1000,0.17,2020-04-09,Post-IPO,"United States",56
902,ClassPass,"New York City",Fitness,154,0.22,2020-04-02,"Series E","United States",549
903,OneTrust,Atlanta,Legal,150,0.1,2020-04-09,"Series B","United States",410
904,eGym,Munich,Fitness,100,0.25,2020-04-02,"Series D",Germany,109
905,Omie,"Sao Paulo",Finance,136,0.31,2020-04-09,"Series B",Brazil,26
906,Industrious,"New York City","Real Estate",90,0.2,2020-04-02,"Series D","United States",222
907,Domo,"Salt Lake City",Data,90,0.1,2020-04-09,Post-IPO,"United States",689
908,Hubba,Toronto,Retail,45,1,2021-02-01,"Series B",Canada,61
909,Matterport,"SF Bay Area",Data,90,0.34,2020-04-09,"Series D","United States",114
910,1stdibs,"New York City",Retail,70,0.17,2020-04-02,"Series D","United States",253
911,Postmates,"SF Bay Area",Food,180,0.15,2021-01-23,Acquired,"United States",763
912,Clinc,"Ann Arbor",Support,40,0.32,2020-04-09,"Series B","United States",59
913,Mejuri,Toronto,Retail,36,0.15,2020-04-09,"Series B",Canada,28
914,ThirdLove,"SF Bay Area",Retail,65,0.3,2020-04-02,"Series B","United States",68
915,Pocketmath,Singapore,Marketing,21,1,2021-01-20,Unknown,Singapore,20
916,"The Predictive Index",Boston,HR,59,0.25,2020-04-02,Acquired,"United States",65
917,Dropbox,"SF Bay Area",Other,315,0.15,2021-01-13,Post-IPO,"United States",1700
918,Jobcase,Boston,Recruiting,39,0.2,2020-04-02,"Private Equity","United States",118
919,Code42,Minneapolis,Data,25,0.05,2020-04-09,"Series B","United States",138
920,LoopMe,London,Marketing,8,0.04,2020-04-09,Unknown,"United Kingdom",32
921,"Dynamic Signal","SF Bay Area",HR,35,0.19,2020-04-02,"Series E","United States",114
922,Eventbrite,"SF Bay Area",Consumer,500,0.45,2020-04-08,Post-IPO,"United States",332
923,Breather,Montreal,"Real Estate",120,0.8,2020-12-16,"Series D",Canada,131
924,Meesho,Bengaluru,Retail,200,0.28,2020-04-08,"Series D",India,215
925,"Sauce Labs","SF Bay Area",Infrastructure,30,0.15,2020-04-02,Unknown,"United States",151
926,Aya,Toronto,Finance,5,0.25,2020-11-19,Seed,"United States",3
927,TripleLift,"New York City",Marketing,23,0.07,2020-04-02,"Series B","United States",16
928,Scoop,"SF Bay Area",Transportation,92,0.33,2020-04-08,"Series C","United States",95
929,"Bridge Connector",Nashville,Healthcare,154,1,2020-11-17,"Series B","United States",45
930,Unison,"SF Bay Area",Finance,89,0.45,2020-04-08,"Series B","United States",40
931,"Coding Dojo",Seattle,Education,7,0.07,2020-04-02,Unknown,"United States",2
932,Lever,"SF Bay Area",Recruiting,86,0.4,2020-04-08,"Series C","United States",72
933,Worksmith,Austin,Retail,30,0.5,2020-11-09,Unknown,"United States",4
934,Instamojo,Bengaluru,Finance,6,0.06,2020-04-02,Unknown,India,8
935,Synergysuite,"Salt Lake City",Food,5,0.07,2020-04-02,"Series A","United States",6
936,Unbabel,Lisbon,Support,80,0.35,2020-04-08,"Series C",Portugal,91
937,Button,"New York City",Marketing,48,0.35,2020-04-08,"Series C","United States",64
938,PatientPop,"Los Angeles",Healthcare,100,0.2,2020-04-01,"Series B","United States",75
939,"Eden / Managed By Q","New York City","Real Estate",40,0.4,2020-04-08,"Series B","United States",40
940,Knotel,"New York City","Real Estate",20,0.08,2020-10-29,"Series C","United States",560
941,Showpad,Chicago,Marketing,52,0.12,2020-04-01,"Series D","United States",159
942,Quantcast,"SF Bay Area",Marketing,30,0.05,2020-04-08,"Series C","United States",65
943,VideoAmp,"Los Angeles",Marketing,21,0.1,2020-04-08,"Series C","United States",106
944,Highsnobiety,Berlin,Media,51,0.25,2020-04-01,"Series A",Germany,9
945,GetYourGuide,Berlin,Travel,90,0.17,2020-10-14,"Series E",Germany,656
946,Earnin,"SF Bay Area",Finance,50,0.2,2020-04-01,"Series C","United States",190
947,"Alto Pharmacy","SF Bay Area",Healthcare,47,0.06,2020-09-29,"Series D","United States",356
948,Kenoby,"Sao Paulo",Recruiting,18,0.16,2020-04-08,Unknown,Brazil,23
949,Wonolo,"SF Bay Area",Recruiting,46,0.13,2020-04-01,"Series C","United States",52
950,Acko,Mumbai,Finance,45,0.09,2020-04-01,Unknown,India,143
951,NS8,"Las Vegas",Data,240,0.95,2020-09-11,"Series A","United States",158
952,GetNinjas,"Sao Paulo",Consumer,11,0.1,2020-04-08,"Series B",Brazil,16
953,"Aqua Security","Tel Aviv",Security,24,0.09,2020-04-01,"Series C",Israel,100
954,Waze,"SF Bay Area",Transportation,30,0.054,2020-09-09,Acquired,"United States",67
955,Spyce,Boston,Food,4,0.12,2020-04-08,"Series A","United States",26
956,Crayon,Boston,Marketing,20,0.2,2020-04-01,"Series A","United States",16
957,GoBear,Singapore,Finance,22,0.11,2020-09-01,Unknown,Singapore,97
958,Toast,Boston,Food,1300,0.5,2020-04-07,"Series F","United States",902
959,ezCater,Boston,Food,400,0.44,2020-04-07,"Series D","United States",319
960,Sensibill,Toronto,Finance,17,0.2,2020-04-01,"Series B",Canada,50
961,MakeMyTrip,"New Delhi",Travel,350,0.1,2020-08-31,Post-IPO,India,548
962,"Sage Therapeutics",Boston,Healthcare,340,0.53,2020-04-07,Post-IPO,"United States",438
963,Usermind,Seattle,Marketing,15,0.25,2020-04-01,"Series C","United States",46
964,Redfin,Seattle,"Real Estate",236,0.07,2020-04-07,Post-IPO,"United States",319
965,Salesforce,"SF Bay Area",Sales,1000,0.0185,2020-08-26,Post-IPO,"United States",65
966,"Branch Metrics","SF Bay Area",Marketing,100,0.2,2020-04-07,"Series E","United States",367
967,"Incredible Health","SF Bay Area",Healthcare,9,0.4,2020-04-01,"Series A","United States",15
968,KeepTruckin,"SF Bay Area",Logistics,349,0.18,2020-03-31,"Series D","United States",227
969,Docly,London,Healthcare,8,0.8,2020-08-19,Seed,"United Kingdom",16
970,AdRoll,"Salt Lake City",Marketing,210,0.3,2020-03-31,"Series C","United States",89
971,Ibotta,Denver,Retail,87,0.15,2020-04-07,"Series D","United States",85
972,Rover,Seattle,Consumer,194,0.41,2020-03-31,"Series G","United States",310
973,Away,"New York City",Retail,60,0.1,2020-04-07,"Series D","United States",181
974,Mozilla,"SF Bay Area",Consumer,250,0.25,2020-08-11,Unknown,"United States",2
975,Turo,"SF Bay Area",Transportation,108,0.3,2020-03-31,"Series E","United States",467
976,MediaMath,"New York City",Marketing,53,0.08,2020-04-07,"Private Equity","United States",607
977,Eatsy,Singapore,Food,20,1,2020-08-08,Seed,Singapore,1
978,uShip,Austin,Logistics,65,0.37,2020-03-31,"Series D","United States",69
979,"Group Nine Media","New York City",Media,50,0.07,2020-04-07,Unknown,"United States",190
980,Zenoti,Seattle,Fitness,17,0.04,2020-03-31,"Series C","United States",91
981,Glossier,"New York City",Retail,150,0.38,2020-08-07,"Series D","United States",186
982,Metromile,"SF Bay Area",Finance,100,0.33,2020-04-06,"Series E","United States",293
983,DialSource,Sacramento,Marketing,5,0.14,2020-03-31,"Series B","United States",26
984,"Rock Content","Belo Horizonte",Marketing,100,0.2,2020-04-06,"Series A",Brazil,1
985,Thriver,Toronto,Food,75,0.5,2020-08-06,"Series B",Canada,53
986,Thumbtack,"SF Bay Area",Consumer,250,0.3,2020-03-30,"Series F","United States",423
987,"Buy.com / Rakuten","SF Bay Area",Retail,87,1,2020-07-30,Acquired,"United States",42
988,BounceX,"New York City",Marketing,77,0.2,2020-04-06,"Series B","United States",75
989,RigUp,Austin,Energy,120,0.25,2020-03-30,"Series D","United States",423
990,Procore,"Los Angeles",Construction,180,0.09,2020-07-28,Unknown,"United States",649
991,Wordstream,Boston,Marketing,26,0.1,2020-04-06,Acquired,"United States",28
992,FabHotels,"New Delhi",Travel,80,0.2,2020-03-30,"Series B",India,48
993,Hibob,"Tel Aviv",HR,70,0.3,2020-03-30,"Series A",Israel,45
994,Swiggy,Bengaluru,Food,350,0.05,2020-07-27,"Series I",India,1600
995,Cogito,Boston,Support,24,0.14,2020-04-06,"Series C","United States",92
996,PeerStreet,"Los Angeles",Finance,51,0.3,2020-03-30,"Series C","United States",110
997,BusBud,Montreal,Transportation,23,0.32,2020-04-06,"Series B",Canada,21
998,Maven,Seattle,Media,31,0.09,2020-03-30,Post-IPO,"United States",77
999,Borrowell,Toronto,Finance,15,0.2,2020-04-06,"Series B",Canada,72
1000,Zeitgold,Berlin,Finance,75,0.72,2020-07-27,"Series B",Germany,60
1001,PerkSpot,Chicago,HR,10,0.1,2020-04-06,"Private Equity","United States",50
1002,Loftsmart,"New York City","Real Estate",25,0.75,2020-03-30,"Series A","United States",18
1003,Checkr,"SF Bay Area",HR,64,0.12,2020-07-23,"Series D","United States",309
1004,Astra,"SF Bay Area",Aerospace,40,0.25,2020-04-05,Unknown,"United States",100
1005,"Iris Nova","New York City",Food,9,0.5,2020-03-30,Seed,"United States",15
1006,LinkedIn,"SF Bay Area",Recruiting,960,0.06,2020-07-21,Acquired,"United States",154
1007,Iflix,"Kuala Lumpur",Consumer,50,0.12,2020-04-04,Unknown,Malaysia,348
1008,"Lighter Capital",Seattle,Finance,22,0.49,2020-07-20,"Series B","United States",15
1009,ZipRecruiter,"Los Angeles",Recruiting,400,0.39,2020-03-29,"Series B","United States",219
1010,Gympass,"Sao Paulo",Fitness,467,0.33,2020-04-03,"Series D",Brazil,300
1011,Optimizely,"SF Bay Area",Marketing,60,0.15,2020-07-15,"Series D","United States",251
1012,Sojern,"SF Bay Area",Marketing,300,0.5,2020-04-03,"Series D","United States",162
1013,Amplero,Seattle,Marketing,17,1,2020-03-29,"Series B","United States",25
1014,Minted,"SF Bay Area",Retail,147,0.37,2020-04-03,"Series E","United States",297
1015,Skyscanner,Edinburgh,Travel,300,0.2,2020-07-14,Acquired,"United Kingdom",197
1016,TravelTriangle,Gurugram,Travel,250,0.5,2020-03-28,"Series D",India,47
1017,"Arrive Logistics",Austin,Logistics,75,0.07,2020-04-03,"Series B","United States",35
1018,OneWeb,London,Aerospace,451,0.85,2020-03-27,Unknown,"United Kingdom",3000
1019,Salsify,Boston,Retail,60,0.13,2020-04-03,"Series D","United States",97
1020,Bird,"Los Angeles",Transportation,406,0.3,2020-03-27,"Series D","United States",623
1021,Zilingo,Singapore,Retail,100,0.12,2020-07-09,"Series D",Singapore,307
1022,HOOQ,Singapore,Consumer,250,1,2020-03-27,Unknown,Singapore,95
1023,Jetty,"New York City",Finance,35,0.4,2020-04-03,"Series B","United States",40
1024,Blueground,"New York City","Real Estate",130,0.25,2020-03-27,"Series B","United States",77
1025,D2iQ,"SF Bay Area",Infrastructure,34,0.13,2020-04-03,"Series D","United States",247
1026,G2,Chicago,Marketing,17,0.05,2020-06-30,"Series C","United States",101
1027,Knotel,"New York City","Real Estate",127,0.3,2020-03-27,"Series C","United States",560
1028,Katerra,"SF Bay Area",Construction,400,0.07,2020-06-29,"Series E","United States",1300
1029,Getaround,"SF Bay Area",Transportation,100,0.25,2020-03-27,"Series D","United States",403
1030,Bounce,Bengaluru,Transportation,130,0.22,2020-06-29,"Series D",India,214
1031,Zipcar,Boston,Transportation,100,0.2,2020-03-27,Acquired,"United States",107
1032,Sonos,"New York City",Consumer,174,0.12,2020-06-24,Post-IPO,"United States",455
1033,Mogo,Vancouver,Finance,78,0.3,2020-03-27,Post-IPO,Canada,201
1034,Gojek,Jakarta,Transportation,430,0.09,2020-06-23,"Series F",Indonesia,4800
1035,Bench,Vancouver,Finance,47,0.1,2020-03-27,"Series B",Canada,49
1036,Bevi,Boston,Food,30,0.2,2020-03-27,"Series C","United States",60
1037,ScaleFactor,Austin,Finance,90,0.9,2020-06-23,"Series C","United States",103
1038,Textio,Seattle,Recruiting,30,0.2,2020-03-27,Unknown,"United States",41
1039,B8ta,"SF Bay Area",Retail,250,0.5,2020-03-26,"Series C","United States",88
1040,Dark,"SF Bay Area",Product,6,1,2020-06-23,Seed,"United States",3
1041,Intuit,"SF Bay Area",Finance,715,0.07,2020-06-22,Post-IPO,"United States",18
1042,Puppet,Portland,Infrastructure,50,0.1,2020-03-26,"Series F","United States",149
1043,Navi,Bengaluru,Finance,40,0.25,2020-06-17,"Private Equity",India,582
1044,PaisaBazaar,Gurugram,Finance,1500,0.5,2020-06-16,"Series G",India,496
1045,Ecobee,Toronto,Energy,47,0.1,2020-03-26,"Series C",Canada,149
1046,Grab,Singapore,Transportation,360,0.05,2020-06-16,"Series I",Singapore,9900
1047,Peerspace,"SF Bay Area","Real Estate",41,0.75,2020-03-26,"Series B","United States",34
1048,Splunk,"SF Bay Area",Data,70,0.01,2020-06-16,Post-IPO,"United States",40
1049,GoSpotCheck,Denver,Retail,23,0.2,2020-03-26,"Series B","United States",47
1050,Consider.co,"SF Bay Area",Other,13,1,2020-03-26,Seed,"United States",5
1051,TripActions,"SF Bay Area",Travel,300,0.25,2020-03-25,"Series D","United States",981
1052,Redox,Madison,Healthcare,44,0.25,2020-06-16,"Series C","United States",50
1053,Uber,Amsterdam,Transportation,225,0.25,2020-06-12,Post-IPO,Netherlands,24700
1054,WanderJaunt,"SF Bay Area",Travel,56,0.23,2020-03-25,"Series B","United States",26
1055,SynapseFI,"SF Bay Area",Finance,63,0.48,2020-06-12,"Series B","United States",50
1056,OutboundEngine,Austin,Marketing,52,0.28,2020-03-25,"Series C","United States",48
1057,Branch,"New York City",Retail,3,0.27,2020-06-11,Seed,"United States",2
1058,Wonderschool,"SF Bay Area",Education,50,0.75,2020-03-25,"Series A","United States",24
1059,"The Athletic","SF Bay Area",Media,46,0.08,2020-06-05,"Series D","United States",139
1060,Overtime,"New York City",Media,30,0.23,2020-03-25,"Series B","United States",35
1061,"Ethos Life","SF Bay Area",Finance,18,0.14,2020-06-05,"Series C","United States",106
1062,Jama,Portland,Product,12,0.05,2020-03-25,Unknown,"United States",233
1063,Lastline,"SF Bay Area",Security,50,0.4,2020-06-04,"Series C","United States",52
1064,Sonder,"SF Bay Area",Travel,400,0.33,2020-03-24,"Series D","United States",359
1065,Foodsby,Minneapolis,Food,87,0.67,2020-03-24,"Series B","United States",20
1066,Builder,"Los Angeles",Product,39,0.14,2020-06-04,"Series A","United States",29
1067,Monzo,London,Finance,120,0.08,2020-06-03,"Series F","United Kingdom",324
1068,"Zeus Living","SF Bay Area","Real Estate",80,0.3,2020-03-24,"Series B","United States",79
1069,SpotHero,Chicago,Transportation,40,0.21,2020-06-03,"Series D","United States",117
1070,Compass,"New York City","Real Estate",375,0.15,2020-03-23,"Series G","United States",1600
1071,"Credit Sesame","SF Bay Area",Finance,22,0.14,2020-06-03,"Series F","United States",120
1072,Convene,"New York City","Real Estate",150,0.18,2020-03-23,"Series D","United States",280
1073,Leafly,Seattle,Retail,91,0.5,2020-03-23,Acquired,"United States",2
1074,Rivian,Detroit,Transportation,40,0.02,2020-06-02,"Private Equity","United States",3100
1075,Fundbox,"SF Bay Area",Finance,14,0.15,2020-06-02,"Series C","United States",453
1076,"The Guild",Austin,Travel,38,0.22,2020-03-23,"Series B","United States",36
1077,GrayMeta,"Los Angeles",Data,20,0.4,2020-03-23,Unknown,"United States",7
1078,"Descartes Labs","Santa Fe",Data,12,0.16,2020-06-02,"Series B","United States",58
1079,"Stitch Fix","SF Bay Area",Retail,1400,0.18,2020-06-01,Post-IPO,"United States",79
1080,Triplebyte,"SF Bay Area",Recruiting,15,0.17,2020-03-23,"Series B","United States",48
1081,MakeMyTrip,Gurugram,Travel,350,0.1,2020-06-01,Post-IPO,India,548
1082,"Ladder Life","SF Bay Area",Finance,13,0.25,2020-03-23,"Series C","United States",94
1083,"Flywheel Sports","New York City",Fitness,784,0.98,2020-03-20,Acquired,"United States",120
1084,CTO.ai,Vancouver,Infrastructure,30,0.5,2020-03-20,Seed,Canada,7
1085,"Remote Year",Chicago,Travel,50,0.5,2020-03-19,"Series B","United States",17
1086,Flytedesk,Boulder,Marketing,4,0.2,2020-03-18,Seed,"United States",4
1087,Inspirato,Denver,Travel,130,0.22,2020-03-16,"Series C","United States",79
1088,Help.com,Austin,Support,16,1,2020-03-16,Seed,"United States",6
1089,HopSkipDrive,"Los Angeles",Transportation,8,0.1,2020-03-13,Unknown,"United States",45
1090,"Panda Squad","SF Bay Area",Consumer,6,0.75,2020-03-13,Seed,"United States",1
1091,"Tamara Mellon","Los Angeles",Retail,20,0.4,2020-03-12,"Series C","United States",90
1092,Yahoo,"SF Bay Area",Consumer,1600,0.2,2023-02-09,Acquired,"United States",6
1093,Hibob,"Tel Aviv",HR,70,0.3,2020-03-30,"Series A",Israel,45
1094,"Wildlife Studios","Sao Paulo",Consumer,300,0.2,2022-11-28,Unknown,Brazil,260
